country,1961,1962,1963,1964,1965,1966,1967,1968,1969,1970,1971,1972,1973,1974,1975,1976,1977,1978,1979,1980,1981,1982,1983,1984,1985,1986,1987,1988,1989,1990,1991,1992,1993,1994,1995,1996,1997,1998,1999,2000,2001,2002,2003,2004,2005,2006,2007,2008,2009,2010,2011,2012,2013,2014,2015,2016,2017,2018,2019,2020,2021,2022,2023
Aruba,2.18,1.55,1.39,1.22,1.03,0.862,0.389,−0.0857,−0.237,−0.378,−0.492,0.0663,0.863,1.11,1.14,0.784,0.444,0.443,0.433,0.42,0.556,0.799,0.894,0.768,0.473,0.116,−0.16,−0.183,0.41,1.71,3.22,3.37,3.04,3.2,3.08,3.03,3.03,3,2.93,2.54,1.77,1.19,0.997,0.901,1,1.18,1.23,1.24,1.23,1.13,0.939,0.81,0.749,0.692,0.638,0.59,0.537,0.495,0.452,0.134,−0.045,−0.0864,−0.158
Afghanistan,1.93,2.01,2.08,2.14,2.22,2.25,2.29,2.35,2.38,2.43,2.42,2.43,2.52,2.51,2.39,2.18,2.09,1.96,0.366,−3.92,−11.3,−10.1,−1.37,2.89,2.59,−0.609,−1.21,0.586,2.75,0.202,0.47,11.5,15,9.86,6.05,4.1,3.91,3.88,4.08,1.44,0.743,6.45,7.54,3.93,3.58,4.14,1.79,2,3.56,2.89,3.69,4.08,3.47,3.66,3.12,2.58,2.87,2.89,2.91,3.13,2.85,2.53,2.67
Angola,1.56,1.46,1.41,1.3,1.11,0.876,0.697,0.696,1.02,1.69,2.41,2.99,3.3,3.35,3.33,3.27,3.32,3.4,3.44,3.5,3.55,3.59,3.62,3.61,3.6,3.57,3.44,3.37,3.37,3.35,3.33,3.25,3.16,3.2,3.29,3.33,3.34,3.28,3.23,3.24,3.29,3.34,3.41,3.51,3.56,3.59,3.64,3.67,3.69,3.73,3.76,3.76,3.74,3.68,3.62,3.59,3.55,3.46,3.4,3.27,3.17,3.1,3.03
Albania,3.12,3.06,2.95,2.88,2.75,2.63,2.63,2.84,2.9,2.55,2.42,2.49,2.36,2.3,2.3,2.21,2.21,2.08,1.99,2.05,2,2.11,2.12,2.1,2.06,1.93,2,1.89,2.69,1.8,−0.603,−0.606,−0.61,−0.614,−0.618,−0.622,−0.625,−0.629,−0.633,−0.637,−0.938,−0.3,−0.374,−0.418,−0.512,−0.631,−0.756,−0.767,−0.674,−0.496,−0.269,−0.165,−0.183,−0.207,−0.291,−0.16,−0.092,−0.247,−0.426,−0.574,−0.927,−1.22,−1.15
Andorra,7.87,7.52,7.22,6.94,6.65,7,7.92,8.13,7.72,7.37,7.1,6.84,6.61,6.39,6.11,5.81,5.5,5.12,4.7,4.21,3.79,4.26,4.64,4.23,3.79,4.02,4.36,4.15,3.92,3.67,3.42,3.28,3.22,3.13,3.05,1.92,0.831,0.776,0.717,0.671,2.57,4.37,4.23,4.01,3.69,0.494,−2.59,−2.74,−2.94,−3.21,−1.34,0.63,0.497,0.355,0.174,1.1,1.77,1.58,1.76,1.76,1.7,0.995,0.33
UAE,5.51,5.45,5.32,5.15,5.01,4.89,4.76,11,17,16.3,14.5,13,11.8,10.8,9.94,12.2,14.1,13,12.1,11,8.15,5.97,5.8,5.56,5.3,6.26,7.05,6.62,6.23,5.87,5.54,5.23,4.93,4.65,4.41,5.54,6.52,6.18,5.86,5.58,5.32,5.06,4.83,4.61,6.96,13.5,18.1,17.4,13.4,5.94,1.1,1.04,0.998,0.956,0.912,0.864,0.82,0.789,0.779,0.818,0.835,0.808,0.799
Argentina,1.61,1.63,1.62,1.6,1.58,1.57,1.57,1.55,1.54,1.57,1.58,1.59,1.64,1.7,1.66,1.59,1.6,1.61,1.6,1.58,1.58,1.57,1.56,1.54,1.51,1.51,1.51,1.51,1.49,1.46,1.42,1.39,1.36,1.35,1.32,1.26,1.2,1.16,1.15,1.13,1.1,1.07,1.03,1.02,1.03,1.03,1.01,0.992,1.01,0.256,1.15,1.14,1.12,1.1,1.08,1.06,1.04,1.02,0.993,0.97,0.947,0.926,0.904
Armenia,3.48,3.38,3.22,3.03,2.86,2.71,2.6,2.53,2.45,2.32,2.21,2.18,2.2,2.22,2.26,2.29,2.36,2.42,1.92,1.22,1.04,1.07,1.13,1.04,0.876,0.793,0.724,0.461,2.39,3.09,1.7,−1.2,−3.33,−2.45,−1.52,−0.721,−0.836,−0.948,−1.07,−1.18,−1.12,−0.901,−0.677,−0.597,−0.605,−0.684,−0.733,−0.7,−0.643,−0.609,−0.589,−0.498,−0.448,−0.396,−0.393,−0.444,−0.487,−0.54,−0.564,−0.533,−0.523,−0.377,−0.0899
American Samoa,2.66,3.08,3.13,3.17,3.19,3.08,2.97,3.01,3.03,2.54,1.9,1.69,1.65,1.68,1.92,2.09,2.03,1.97,1.94,2.59,3.5,3.77,3.8,3.83,3.84,3.85,3.86,3.87,3.87,3.25,2.43,2.19,2.16,2.15,2.11,2.04,1.96,1.83,1.74,1.1,0.161,−0.252,−0.406,−0.545,−0.648,−0.731,−0.802,−0.876,−0.944,−0.938,−0.988,−1.15,−1.3,−1.48,−1.64,−1.81,−1.97,−2.12,−2.3,−2.42,−2.53,−1.71,−0.814
Antigua and Barbuda,1.62,1.35,1.34,1.52,1.66,1.61,1.64,1.68,1.72,1.21,0.39,−0.114,−0.359,−0.381,−0.285,−0.0703,0.198,0.33,0.434,0.432,0.288,0.238,0.271,−0.0703,−0.482,−0.518,−0.556,−0.578,−0.542,−0.485,0.482,1.6,1.8,1.86,1.96,2.03,2.01,1.88,1.71,1.66,1.53,1.28,1.13,1.1,1.17,1.28,1.38,1.49,1.53,1.36,1.2,1.08,0.934,0.832,0.787,0.69,0.611,0.555,0.534,0.592,0.597,0.582,0.569
Australia,1.99,2.44,1.92,1.96,1.96,2.28,1.26,1.76,2.09,1.97,3.38,1.84,1.53,2.53,1.23,1,1.13,1.16,1.08,1.22,1.56,1.73,1.37,1.2,1.33,1.45,1.52,1.64,1.69,1.48,1.27,1.12,0.89,0.963,1.11,1.21,1.08,0.997,1.09,1.14,1.28,1.14,1.15,1.07,1.22,1.35,1.82,2,2.06,1.56,1.39,1.75,1.72,1.49,1.44,1.56,1.65,1.5,1.48,1.23,0.141,1.27,2.37
Austria,0.548,0.613,0.642,0.667,0.65,0.701,0.747,0.519,0.345,0.349,0.446,0.581,0.554,0.17,−0.265,−0.177,0.0384,−0.081,−0.17,0.00011,0.255,0.0717,−0.162,−0.00629,0.0469,0.0635,0.0633,0.142,0.451,0.762,0.998,1.1,0.825,0.385,0.153,0.135,0.113,0.11,0.195,0.24,0.383,0.492,0.487,0.62,0.681,0.495,0.324,0.313,0.262,0.24,0.337,0.456,0.589,0.782,1.12,1.08,0.695,0.487,0.445,0.415,0.436,0.956,0.996
Azerbaijan,3.81,2.98,2.96,3.34,3,2.88,2.6,2.38,2.29,2.13,2.12,2.03,1.88,1.81,1.68,1.6,1.63,1.69,1.58,1.46,1.57,1.58,1.6,1.66,1.55,1.49,1.54,1.43,1.45,1.38,1.33,1.51,1.52,1.35,1.16,1.01,0.965,0.949,0.878,0.822,0.775,0.746,0.758,0.875,1.02,1.1,1.13,2.1,2.08,1.19,1.3,1.33,1.29,1.25,1.19,1.12,0.981,0.866,0.847,0.684,0.441,0.0395,−0.288
Burundi,2.49,2.5,2.08,2.85,2.76,2.38,2.51,2.35,2.13,2.12,2.38,−0.0803,−0.217,2.45,2.41,2.15,2.49,2.81,2.4,4.15,4.04,2.45,2.66,2.42,2.16,1.88,2.28,2.19,1.91,2.03,2,2.62,−3.33,0.56,6.02,−0.0384,−0.112,1.86,2.37,2.04,2.48,2.79,3.14,3.71,3.7,3.58,3.67,4.11,5.08,4.68,3.54,3.53,3.55,3.35,2.19,1.63,2.29,2.98,3.26,2.87,2.67,2.66,2.67
Belgium,0.332,0.398,0.748,0.946,0.908,0.675,0.557,0.393,0.283,0.0986,0.182,0.392,0.315,0.315,0.289,0.179,0.123,0.0933,0.0899,0.11,−0.00264,−0.0272,−0.00794,−0.0015,0.0298,0.0357,0.0853,0.318,0.363,0.298,0.372,0.406,0.391,0.308,0.209,0.195,0.242,0.214,0.229,0.243,0.344,0.448,0.419,0.433,0.55,0.66,0.734,0.79,0.805,0.914,1.3,0.62,0.471,0.444,0.579,0.506,0.385,0.455,0.54,0.431,0.412,0.856,1.16
Benin,1.54,1.64,1.71,1.79,1.85,1.91,1.96,2,2.05,2.08,2.13,2.18,2.22,2.26,2.32,2.39,2.46,2.52,2.59,2.68,2.77,2.82,2.85,2.87,2.9,2.94,2.97,3,3.02,3.04,3.06,3.06,4.45,3.74,2.06,2.57,2.91,3.04,3.06,3.04,3.01,3,3.01,3.03,3.18,3.06,2.88,2.95,2.94,2.93,2.93,2.92,2.9,2.93,2.95,2.95,2.95,2.92,2.89,2.83,2.76,2.7,2.66
Burkina Faso,1.44,1.47,1.49,1.54,1.6,1.63,1.66,1.7,1.71,1.72,1.7,1.69,1.75,1.85,1.98,2.12,2.31,2.48,2.58,2.68,2.71,2.74,2.82,2.88,2.9,2.83,2.73,2.68,2.64,2.62,2.53,2.46,2.49,2.52,2.56,2.56,2.57,2.75,2.93,2.98,3.04,3.07,3.1,3.14,3.15,3.12,3.03,2.94,2.93,2.94,2.97,3.03,3.01,2.98,2.97,2.93,2.87,2.77,2.7,2.69,2.65,2.56,2.52
Bangladesh,2.91,3,3.01,3,2.99,2.97,3.01,3,2.88,2.51,1.23,1.41,2.56,2.5,2.37,2.22,2.28,2.36,2.35,2.44,2.62,2.75,2.77,2.7,2.56,2.38,2.23,2.16,2.12,2.13,1.94,1.84,1.91,1.92,1.87,1.75,1.79,1.88,1.92,1.91,1.9,1.86,1.75,1.66,1.52,1.21,1.05,0.888,0.88,1.14,1.22,1.24,1.27,1.25,1.19,1.23,1.25,1.16,1.11,1.14,1.15,1.07,1.03
Bulgaria,0.958,0.875,0.81,0.816,0.732,0.655,0.63,0.712,0.769,0.655,0.55,0.465,0.521,0.668,0.483,0.433,0.519,0.112,0.135,0.402,0.333,0.296,0.25,0.234,−0.00147,−0.0265,0.147,0.112,−1.17,−1.8,−0.99,−1.07,−0.798,−0.34,−0.445,−0.516,−0.609,−0.667,−0.561,−0.494,−1.99,−2.17,−0.792,−0.755,−0.753,−0.76,−0.735,−0.702,−0.644,−0.658,−0.641,−0.579,−0.56,−0.568,−0.638,−0.701,−0.73,−0.722,−0.704,−0.6,−0.815,−6.19,−0.539
Bahrain,3.83,3.76,3.7,3.65,3.39,3.06,2.92,2.83,2.76,2.67,3.72,5.13,5.4,5.31,5.22,5.1,4.97,4.82,4.66,4.48,4.01,3.54,3.46,3.51,3.55,3.58,3.57,3.53,3.46,3.35,3.42,3.5,3.42,3.34,3.26,3.18,3.09,2.99,2.88,2.75,2.61,2.44,3.92,6.85,7.9,7.38,6.92,6.49,6.04,2.86,−0.129,1.06,2.95,3.85,3.82,3.43,3.29,2.07,0.459,−1.13,−0.966,0.611,0.898
Bahamas,4.87,4.94,4.89,4.53,4.28,4.37,4.44,4.49,4.31,3.63,2.92,2.54,2.29,2.15,2.06,2.07,2.13,2.11,2.03,1.95,1.86,1.83,1.88,1.92,1.96,1.96,1.9,1.87,1.92,1.93,1.97,2.12,2.17,2,1.87,1.78,1.7,1.67,1.53,1.47,1.41,1.32,1.33,1.35,1.36,1.39,1.41,1.42,1.44,1.41,1.25,1.08,0.935,0.899,0.912,0.832,0.766,0.721,0.657,0.472,0.352,0.508,0.642
Bosnia and Herzegovina,1.91,1.85,1.79,1.71,1.63,1.54,1.44,1.34,1.26,1.19,1.14,1.1,1.05,1.01,0.975,0.939,0.894,0.851,0.819,0.82,0.857,0.894,0.897,0.856,0.772,0.684,0.608,0.517,0.4,0.291,0.18,−5.17,−8.1,−4.69,−0.314,4.11,3.52,1.65,0.918,0.632,0.372,0.0829,−0.35,−0.982,−1.18,−0.888,−1.25,−1.62,−1.68,−1.73,−1.8,−1.85,−1.56,−1.29,−1.32,−1.24,−1.18,−1.17,−1.17,−1.27,−1.44,−1.15,−0.704
Belarus,0.889,0.971,1.02,1.03,1,1,1.02,1.01,0.962,0.885,0.833,0.802,0.741,0.649,0.529,0.469,0.551,0.653,0.618,0.614,0.692,0.677,0.683,0.678,0.654,0.679,0.675,0.286,0.295,0.19,0.0461,0.22,0.221,−0.118,−0.324,−0.337,−0.416,−0.45,−0.45,−0.471,−0.513,−0.637,−0.7,−0.682,−0.683,−0.612,−0.459,−0.345,−0.246,−0.219,−0.234,−0.157,−0.0384,0.0561,0.133,0.0877,−0.11,−0.214,−0.202,−0.423,−0.828,−0.804,−0.541
Belize,2.54,2.56,2.74,2.9,2.97,3.03,3.05,3.02,2.85,2.31,1.79,1.58,1.45,1.37,1.68,2.02,2.01,2,2.06,2.31,2.47,2.42,2.36,2.32,2.3,2.27,2.24,2.22,2.19,2.16,2.1,2.04,2.02,2.16,2.56,3.04,3.41,3.53,3.42,3.24,3.15,3.13,3.08,3.03,2.99,2.94,2.88,2.82,2.74,2.49,2.28,2.26,2.24,2.19,2.12,2.05,1.99,1.95,1.82,1.49,1.29,1.3,1.36
Bermuda,2.45,2.39,2.33,2.48,2.42,1.78,1.94,1.9,1.87,1.83,−0.73,−0.735,−0.741,−0.746,−0.752,0.377,0.375,0.374,0.372,1.6,0.693,0.722,0.864,0.878,0.838,0.847,0.811,0.857,0.843,0.821,−0.515,−0.724,0.536,0.694,0.716,0.639,0.61,0.735,0.56,0.89,1.08,0.651,0.654,0.653,0.647,0.574,0.564,0.592,0.555,−0.783,−0.864,0.362,0.313,0.211,0.152,−1.05,−1.06,0.0704,−0.0109,−0.0282,−0.202,−0.265,−0.167
Bolivia,2.06,2.08,2.09,2.1,2.11,2.13,2.15,2.16,2.18,2.2,2.21,2.23,2.24,2.25,2.25,2.25,2.25,2.25,2.24,2.22,2.19,2.16,2.14,2.12,2.12,2.11,2.12,2.12,2.11,2.09,2.07,2.04,2.01,1.96,1.9,1.87,1.84,1.82,1.82,1.8,1.77,1.75,1.75,1.74,1.73,1.75,1.75,1.73,1.71,1.7,1.68,1.65,1.63,1.6,1.57,1.55,1.52,1.49,1.46,1.34,1.19,1.19,1.34
Brazil,3.02,2.97,2.94,2.89,2.83,2.75,2.66,2.58,2.52,2.49,2.46,2.43,2.41,2.38,2.36,2.35,2.36,2.36,2.36,2.35,2.33,2.29,2.25,2.2,2.14,2.07,2,1.94,1.88,1.81,1.73,1.66,1.62,1.59,1.56,1.53,1.5,1.47,1.42,1.37,1.32,1.26,1.19,1.14,1.12,1.08,1.03,0.987,0.953,0.939,0.929,0.9,0.868,0.858,0.846,0.811,0.792,0.794,0.766,0.665,0.529,0.46,0.514
Barbados,0.492,0.483,0.444,0.406,0.362,0.336,0.311,0.278,0.287,0.333,0.394,0.456,0.486,0.493,0.503,0.512,0.524,0.538,0.526,0.491,0.436,0.375,0.337,0.301,0.245,0.178,0.11,0.0418,−0.00116,0.0421,0.206,0.312,0.3,0.274,0.226,0.187,0.164,0.159,0.2,0.184,0.272,0.405,0.391,0.375,0.361,0.351,0.376,0.438,0.423,0.335,0.282,0.258,0.242,0.227,0.212,0.203,0.193,0.179,0.176,0.183,0.18,0.155,0.128
Brunei,4.82,4.66,4.62,4.6,4.54,4.46,4.37,4.27,4.19,4.08,3.91,3.7,3.54,3.46,3.4,3.33,3.28,3.24,3.23,3.23,3.23,3.31,3.38,3.39,3.41,3.41,3.38,3.32,3.24,3.14,2.98,2.76,2.6,2.5,2.42,2.35,2.27,2.19,2.13,2.08,2.02,1.95,1.88,1.8,1.72,1.65,1.58,1.52,1.48,1.46,1.37,1.27,1.24,1.2,1.14,1.08,1,0.925,0.865,0.836,0.822,0.812,0.781
Bhutan,2.59,2.76,2.89,2.94,3.01,3.08,3.13,3.18,3.23,3.26,3.27,3.28,3.29,3.29,3.3,3.31,3.31,3.31,3.28,3.23,3.17,3.11,3.08,3.05,3.01,2.97,2.94,2.88,2.82,2.58,1.65,−3.91,−4.71,0.081,1.2,1.87,1.73,1.86,2.45,2.8,2.69,2.59,2.49,2.39,2.03,1.49,1.23,1.18,1.14,1.12,1.1,1.09,1.07,1.02,0.935,0.869,0.845,0.787,0.701,0.655,0.643,0.637,0.633
Botswana,2.22,2.27,2.32,2.38,1.54,0.677,0.671,0.677,0.698,0.934,1.99,3.65,4.77,5.09,5.12,5.15,5.15,5.12,5.06,4.92,4.6,4.02,3.62,3.56,3.53,3.5,3.43,3.3,3.15,3.01,2.87,2.86,2.88,2.78,2.63,2.47,2.32,2.22,2.14,2.07,2,1.87,1.75,1.75,1.8,1.88,1.96,2.03,2.05,2.06,2.01,1.92,1.91,1.93,1.96,2.03,2.08,2.04,1.95,1.85,1.64,1.6,1.7
Central African Republic,1.81,1.86,1.92,1.98,2.05,2.12,2.2,2.27,2.32,2.24,2.1,1.99,1.94,1.96,1.97,1.5,1.02,1.02,1.02,1.04,1.06,1.08,1.11,1.13,1.16,1.19,1.23,1.58,2.49,3.08,3.11,3.18,3.2,3.15,2.75,2.62,2.78,2.75,2.78,2.8,2.25,2.21,2.42,2.17,2.25,2.01,1.87,2.07,2.15,2.07,1.53,0.869,0.608,−0.077,0.428,1.75,1.87,1.94,2.22,2.53,2.11,2.21,2.88
Canada,2,1.86,1.86,1.89,1.81,1.86,1.8,1.61,1.36,1.4,2.95,1.16,1.22,1.4,1.46,1.32,1.17,0.995,0.99,1.29,1.23,1.19,0.988,0.944,0.914,0.994,1.32,1.3,1.79,1.51,1.24,1.18,1.1,1.1,1.03,1.05,0.994,0.83,0.813,0.931,1.09,1.08,0.899,0.932,0.947,1.01,0.971,1.08,1.14,1.11,0.975,1.08,1.05,1,0.76,1.13,1.2,1.43,1.46,1.08,0.554,1.81,2.93
Channel Islands,0.947,0.953,1.01,1.05,1.08,1.11,1.13,1.08,0.987,0.929,0.953,0.966,0.901,0.817,0.72,0.52,0.293,0.19,0.143,0.105,0.41,0.855,0.973,0.968,0.976,1.01,1.07,1.1,1.06,0.981,0.678,0.32,0.197,0.123,0.0653,0.238,0.455,0.46,0.415,0.341,0.507,0.766,0.795,0.804,0.816,0.807,0.813,0.812,0.803,0.775,0.563,0.507,0.737,0.697,0.791,0.94,0.908,1.23,1.28,1,0.913,0.805,0.725
Switzerland,1.98,2.54,2.14,1.65,1.15,1.05,1.24,1.26,1.13,0.722,0.525,0.762,0.738,0.539,−0.0437,−0.572,−0.339,0.00898,0.201,0.397,0.547,0.584,0.429,0.359,0.441,0.52,0.628,0.735,0.809,1.03,1.25,1.1,0.911,0.797,0.668,0.442,0.241,0.297,0.477,0.562,0.633,0.756,0.742,0.687,0.641,0.628,0.894,1.27,1.25,1.04,1.11,1.06,1.15,1.22,1.14,1.09,0.933,0.737,0.713,0.731,0.765,0.815,0.841
Chile,2.09,2.05,1.98,1.93,1.91,1.84,1.78,1.76,1.72,1.69,1.66,1.6,1.58,1.59,1.58,1.54,1.52,1.52,1.48,1.45,1.45,1.45,1.42,1.42,1.46,1.51,1.57,1.6,1.61,1.62,1.63,1.61,1.56,1.51,1.44,1.37,1.32,1.26,1.19,1.15,1.12,1.09,1.05,0.997,0.978,0.98,0.981,1,1.03,1.01,0.991,0.975,0.965,1.01,1.03,1.19,1.56,1.8,1.79,1.36,0.994,0.566,0.132
China,−1.02,0.82,2.46,2.32,2.38,2.79,2.57,2.61,2.74,2.76,2.75,2.46,2.28,2.07,1.77,1.55,1.36,1.34,1.33,1.25,1.28,1.47,1.44,1.31,1.36,1.49,1.6,1.61,1.53,1.47,1.36,1.23,1.15,1.13,1.09,1.05,1.02,0.96,0.866,0.788,0.726,0.67,0.623,0.594,0.588,0.558,0.522,0.512,0.497,0.483,0.546,0.678,0.666,0.63,0.581,0.573,0.605,0.468,0.355,0.238,0.0892,−0.0131,−0.104
Cote d'Ivoire,3.7,3.82,3.88,3.89,3.89,3.89,3.89,3.91,3.98,4.14,4.32,4.46,4.53,4.55,4.55,4.13,3.75,3.77,3.77,3.77,3.76,3.72,3.66,3.59,3.5,3.41,3.38,3.5,3.73,3.83,3.78,3.72,3.66,3.58,3.54,3.51,3.48,3.36,3.02,2.74,2.62,2.51,2.42,2.34,2.27,2.21,2.16,2.13,2.12,2.12,2.08,2.06,2.06,2.32,2.58,2.58,2.59,2.57,2.53,2.51,2.46,2.45,2.5
Cameroon,1.6,1.97,2.3,2.34,2.38,2.42,2.47,2.51,2.56,2.62,2.67,2.71,2.74,2.76,2.78,2.68,2.58,2.74,2.83,3.3,3.56,2.44,2.12,2.86,3.06,3.1,3.13,3.07,3.02,3.03,2.99,2.94,2.91,2.86,2.78,2.72,2.66,2.64,2.65,2.64,2.63,2.68,2.73,2.74,2.73,2.72,2.78,2.84,2.85,2.85,2.83,2.81,2.81,3.04,3.15,2.99,2.83,2.76,2.77,2.71,2.64,2.6,2.59
"Congo, Dem. Rep.",2.56,2.6,2.65,2.68,2.75,2.85,2.91,2.94,2.9,2.86,2.75,2.67,2.69,2.68,2.66,2.58,2.51,3.08,3.49,3.06,2.77,2.74,2.75,2.97,3.03,2.96,3.07,3.12,3.14,3.28,3.3,3.01,3.21,4.76,4.18,1.91,1.58,2.37,2.86,2.9,3.02,3.06,2.94,2.98,3.12,3.19,3.22,3.2,3.19,3.25,3.35,3.36,3.41,3.45,3.39,3.47,3.44,3.27,3.19,3.22,3.22,3.2,3.23
"Congo, Rep.",2.59,2.63,2.68,2.73,2.78,2.83,2.87,2.92,2.96,3,3.04,3.08,3.1,3.1,2.79,2.46,2.42,2.38,2.32,2.27,2.23,2.17,2.08,2.52,2.99,2.98,2.96,2.91,2.88,2.82,2.78,2.75,2.86,2.85,2.7,2.67,2.05,2.14,2.67,3.82,3.76,2.34,2.77,3.4,3.6,3.75,3.68,3.31,4.02,4.16,3.24,2.78,2.41,2.39,2.39,2.39,2.39,2.39,2.36,2.33,2.32,2.28,2.26
Colombia,3.1,3.1,3.07,3.03,2.98,2.89,2.79,2.7,2.58,2.48,2.36,2.28,2.25,2.21,2.19,2.15,2.2,2.26,2.28,2.31,2.3,2.29,2.3,2.28,2.2,2.14,2.12,2.11,2.11,2.1,2.04,1.98,1.97,1.95,1.89,1.82,1.78,1.73,1.67,1.62,1.58,1.53,1.48,1.43,1.37,1.3,1.24,1.17,1.13,1.13,1.09,1.04,0.99,0.947,0.942,1.07,1.51,1.9,1.83,1.47,1.14,0.691,0.406
Comoros,1.91,1.95,1.96,1.97,2.01,2.04,2.23,2.49,2.59,2.65,2.73,2.82,2.9,2.99,3.01,3.09,3.18,3.23,3.25,3.16,2.9,2.65,2.58,2.64,2.69,2.74,2.76,2.78,2.78,2.71,2.56,2.39,2.25,2.17,2.15,2.15,2.15,2.14,2.01,1.94,2.03,2.04,1.96,1.92,1.96,2,2,2.02,2.05,2.08,2.12,2.14,2.14,2.15,2.16,2.17,2.05,1.91,1.87,1.9,1.9,1.83,1.81
Cape Verde,2.33,3.07,3.26,3.25,3.24,3.26,3.28,3.31,3.33,3.09,2.15,1.12,0.796,0.829,0.889,0.864,0.77,0.739,0.738,1.03,1.38,1.45,1.42,1.35,1.3,1.29,1.28,1.29,1.38,1.77,2.21,2.45,2.53,2.5,2.39,2.31,2.27,2.2,2.12,1.9,1.67,1.55,1.44,1.34,1.28,1.22,1.17,1.1,1.03,1.08,1.2,1.2,1.13,1.13,1.11,1.12,1.17,1.1,1.02,0.968,0.903,0.885,0.928
Costa Rica,3.63,3.58,3.5,3.41,3.3,3.19,3.06,2.9,2.79,2.72,2.65,2.59,2.56,2.56,2.57,2.6,2.64,2.69,2.72,2.73,2.74,2.76,2.77,2.77,2.75,2.72,2.66,2.59,2.55,2.54,2.54,2.52,2.48,2.43,2.37,2.31,2.25,2.17,2.07,1.97,1.84,1.7,1.59,1.52,1.47,1.43,1.4,1.38,1.35,1.29,1.24,1.2,1.15,1.09,1.05,1.02,0.979,0.935,0.865,0.756,0.6,0.52,0.603
Cuba,2.06,2.08,2.12,2.12,2.07,2,1.93,1.88,1.85,1.82,1.74,1.58,1.39,1.23,1.07,0.906,0.744,0.592,0.459,0.351,0.401,0.611,0.761,0.807,0.826,0.848,0.889,0.95,0.971,0.941,0.817,0.651,0.529,0.426,0.362,0.332,0.32,0.323,0.329,0.322,0.3,0.277,0.261,0.233,0.185,0.129,0.0822,0.0596,0.0583,0.0641,0.0734,0.0936,0.109,0.0922,0.0694,0.0187,−0.0495,−0.072,−0.102,−0.141,−0.393,−0.393,−0.158
Cayman Islands,1.79,1.99,2.09,2.06,2.09,2.11,2.12,2.13,1.98,3.4,5.4,5.78,5.49,5.28,5,4.71,4.46,4.08,3.94,4.31,4.59,4.5,4.4,4.31,4.22,4.05,3.89,3.75,3.82,4.47,4.92,4.77,4.64,4.49,4.31,4.16,3.97,3.77,3.58,3.5,3.46,3.36,3.26,3.19,3.13,3.06,3.01,2.93,2.85,2.76,2.59,2.44,2.35,2.29,2.24,2.18,2.11,2.03,1.91,1.76,1.22,0.833,0.875
Cyprus,1.53,1.06,0.989,0.864,0.814,0.842,0.82,0.755,0.688,0.624,0.562,0.496,0.475,−0.326,−0.557,0.601,1.16,1.15,1.14,1.14,1.15,1.31,1.6,1.71,1.65,1.6,1.54,1.5,1.45,1.39,1.33,1.41,1.9,2.21,2.11,2.02,1.96,1.9,1.84,1.77,1.73,1.78,1.83,1.82,1.79,1.76,1.73,1.71,1.69,1.67,1.35,0.997,0.896,0.856,0.87,0.889,0.884,0.849,0.818,0.706,0.536,0.585,0.689
Czech Republic,−0.16,0.396,0.477,0.589,0.529,0.425,0.324,0.238,0.205,−0.39,−0.318,0.414,0.552,0.665,0.7,0.667,0.599,0.542,0.489,0.115,−0.035,0.138,0.0875,0.0616,0.0668,0.0494,0.0492,0.0769,0.0559,−0.268,−0.24,0.102,0.104,0.0361,−0.0613,−0.116,−0.108,−0.0947,−0.102,−0.28,−0.376,−0.193,−0.0286,0.0304,0.138,0.271,0.584,0.829,0.57,0.291,0.207,0.14,0.0332,0.105,0.197,0.192,0.266,0.334,0.394,0.243,−1.81,1.57,1.87
Germany,0.77,0.879,0.926,0.805,0.853,0.835,0.457,0.445,0.793,0.333,0.183,0.478,0.315,0.039,−0.373,−0.429,−0.226,−0.087,0.0442,0.207,0.152,−0.0951,−0.262,−0.346,−0.223,0.0458,0.154,0.391,0.773,0.862,0.729,0.76,0.657,0.347,0.294,0.289,0.146,0.0151,0.0646,0.135,0.168,0.168,0.0554,−0.0217,−0.0568,−0.113,−0.134,−0.19,−0.253,−0.153,−1.85,0.188,0.273,0.417,0.866,0.807,0.374,0.301,0.226,0.0817,0.0423,0.721,0.813
Djibouti,3.8,4.22,4.77,5.26,5.51,5.46,5.33,5.23,5.87,6.43,6.6,6.9,7.06,7.63,8.6,9.47,9.87,9.54,8.41,6.79,5.17,3.96,3.49,3.85,4.74,5.72,6.39,6.44,7.73,10.2,8.52,−0.851,−1.94,1.98,0.98,2.36,3.53,3.98,3.46,3.1,3.11,3.04,2.17,1.47,1.51,1.92,2.13,2.02,2.04,1.99,1.9,1.85,1.81,1.77,1.72,1.68,1.65,1.62,1.58,1.49,1.4,1.37,1.38
Dominica,1.7,1.36,1.31,1.3,1.42,1.53,1.58,1.67,1.69,1.3,0.774,0.632,0.662,0.691,0.673,0.626,0.548,0.465,0.399,0.288,−0.063,−0.42,−0.493,−0.462,−0.474,−0.534,−0.573,−0.582,−0.601,−0.708,−0.491,−0.042,0.0824,0.0419,0.00434,−0.0506,−0.123,−0.207,−0.349,−0.514,−0.283,0.16,0.263,0.193,0.146,0.099,0.048,0.0102,0.00727,−0.0465,−0.0189,0.212,−0.1,0.799,0.913,0.0971,0.467,0.595,0.851,0.791,0.578,0.448,0.416
Denmark,0.698,0.778,0.788,0.799,0.779,0.803,0.788,0.609,0.553,0.751,0.695,0.572,0.604,0.466,0.288,0.251,0.311,0.311,0.246,0.122,−0.0284,−0.0735,−0.0687,−0.0524,0.0405,0.134,0.127,0.0486,0.06,0.162,0.26,0.331,0.333,0.338,0.521,0.566,0.416,0.363,0.331,0.334,0.358,0.319,0.272,0.258,0.275,0.329,0.443,0.588,0.535,0.444,0.412,0.376,0.417,0.507,0.706,0.78,0.643,0.496,0.358,0.292,0.433,0.787,0.741
Dominican Republic,3.29,3.25,3.2,3.15,3.05,3.01,3.01,2.93,2.84,2.78,2.73,2.68,2.64,2.59,2.54,2.49,2.45,2.4,2.35,2.28,2.22,2.18,2.17,2.17,2.14,2.11,2.09,2.09,2.11,2.11,2.07,2.03,1.98,1.93,1.87,1.8,1.7,1.61,1.55,1.53,1.49,1.44,1.41,1.37,1.34,1.29,1.26,1.28,1.31,1.31,1.3,1.28,1.25,1.22,1.2,1.16,1.13,1.1,1.07,1.08,1.07,0.993,0.923
Algeria,1.78,1.54,1.61,1.74,1.65,1.86,2.22,2.25,2.25,2.23,2.25,2.31,2.37,2.45,3.7,4.82,3.77,2.87,2.99,3.1,3.21,3.3,3.35,3.38,3.4,3.33,3.03,2.75,2.63,2.49,2.38,2.32,2.24,2.11,1.92,1.76,1.68,1.51,1.4,1.4,1.38,1.35,1.35,1.41,1.36,1.44,1.63,1.71,1.8,1.86,1.9,1.94,1.97,1.98,2,1.99,1.96,1.9,1.84,1.73,1.66,1.63,1.55
Ecuador,2.85,2.88,2.9,2.92,2.93,2.92,2.92,2.91,2.9,2.88,2.85,2.84,2.82,2.8,2.78,2.76,2.73,2.71,2.68,2.66,2.63,2.6,2.57,2.55,2.53,2.52,2.49,2.44,2.38,2.32,2.24,2.11,1.98,1.91,1.87,1.83,1.79,1.75,1.73,1.71,1.72,1.74,1.75,1.74,1.72,1.72,1.72,1.7,1.68,1.66,1.64,1.6,1.53,1.48,1.48,1.49,1.55,1.89,1.91,1.4,1.18,1.14,1.05
Egypt,2.6,2.62,2.64,2.63,2.6,2.55,2.48,2.43,2.36,2.29,2.2,2.16,2.15,2.16,2.2,2.23,2.31,2.43,2.51,2.58,2.6,2.61,2.71,2.76,2.75,2.74,2.72,2.72,2.67,2.56,2.41,2.32,2.3,2.25,2.19,2.16,2.16,2.14,2.11,2.07,2.06,2.09,2.09,2.03,1.98,1.95,1.95,1.96,1.96,2.03,2.21,2.26,2.32,2.34,2.21,2.09,1.99,1.9,1.79,1.73,1.66,1.57,1.54
Eritrea,2.32,2.39,2.44,2.48,2.5,2.51,2.51,2.52,2.53,2.56,2.6,2.61,2.63,2.63,2.63,2.64,2.66,2.67,2.68,2.7,2.73,2.74,2.75,2.73,2.65,2.62,2.57,2.53,2.44,2.25,−5.29,−5.96,3.09,3.04,5.46,4.83,1.21,1.35,1.44,1.53,2.84,3.41,4.08,4.05,2.45,1.69,1.59,2.68,2.57,2.05,1.88,1.39,1.34,0.817,0.498,0.754,0.936,1.42,1.54,1.62,1.8,1.74,1.75
Spain,0.929,0.92,0.877,0.994,1.09,1.02,1.23,1.31,0.985,1.11,1.21,1.1,1.1,1.09,1.08,1.06,1.03,0.963,0.882,0.803,0.711,0.6,0.487,0.415,0.362,0.299,0.259,0.212,0.157,0.102,0.255,0.49,0.519,0.476,0.441,0.417,0.419,0.414,0.405,0.447,0.694,1.41,1.81,1.73,1.69,1.69,1.85,1.6,0.886,0.46,0.355,0.0649,−0.328,−0.299,−0.0776,0.0844,0.235,0.438,0.718,0.488,0.106,0.762,1.24
Estonia,1.11,1.34,1.38,1.44,1.36,1.08,0.788,0.926,1.05,1.1,1.23,1.12,0.96,0.865,0.785,0.713,0.736,0.686,0.556,0.603,0.705,0.72,0.687,0.652,0.667,0.744,0.778,0.622,0.398,0.0665,−0.502,−1.82,−2.57,−2.14,−1.79,−1.48,−1.14,−0.961,0.294,0.484,−0.637,−0.633,−0.628,−0.598,−0.572,−0.59,−0.456,−0.268,−0.193,−0.228,−0.304,−0.358,−0.356,−0.262,0.0655,0.0291,0.121,0.348,0.372,0.198,0.106,1.34,1.28
Ethiopia,2.46,2.53,2.58,2.63,2.68,2.6,2.62,2.75,2.77,2.79,2.76,2.68,2.65,2.55,2.4,2.48,1.9,1.66,1.45,0.536,2.47,3.82,2.71,2.5,2.73,2.86,3.31,3.8,3.71,3.58,4.21,4.07,3.37,3.34,3.28,3.2,3.13,3.06,3.03,2.96,2.92,2.93,2.91,2.87,2.84,2.83,2.85,2.84,2.8,2.82,2.85,2.83,2.75,2.71,2.7,2.72,2.72,2.67,2.66,2.65,2.6,2.54,2.52
Finland,0.706,0.68,0.707,0.556,0.333,0.375,0.542,0.449,−0.058,−0.379,0.126,0.595,0.568,0.524,0.444,0.301,0.28,0.287,0.256,0.311,0.427,0.56,0.596,0.534,0.417,0.325,0.284,0.291,0.361,0.443,0.546,0.562,0.484,0.431,0.382,0.328,0.297,0.265,0.232,0.208,0.228,0.242,0.238,0.29,0.342,0.384,0.425,0.466,0.478,0.457,0.464,0.476,0.461,0.414,0.329,0.287,0.235,0.133,0.11,0.144,0.207,0.272,0.506
Fiji,3.11,3.13,3.15,3.09,2.99,2.81,2.51,2.27,2.15,2.05,1.95,1.83,1.69,1.61,1.67,1.86,2.14,2.36,2.45,2.47,2.46,2.44,2.43,2.42,2.35,2.07,1.62,1.26,1.08,0.995,0.562,0.258,0.297,0.203,0.182,0.54,1,1.16,1.16,1.1,1.05,1.01,0.985,0.973,0.945,0.928,0.853,0.681,0.517,0.419,0.351,0.297,0.262,0.23,0.179,0.128,0.0705,−0.0025,−0.0578,0.213,0.454,0.556,0.708
France,1.09,1.09,1.06,1.12,1.12,1.08,1.03,0.955,0.893,0.877,0.888,0.864,0.787,0.679,0.561,0.466,0.472,0.486,0.49,0.545,0.577,0.582,0.535,0.504,0.52,0.522,0.532,0.531,0.51,0.481,0.88,0.498,0.434,0.374,0.364,0.357,0.356,0.371,0.516,0.687,0.729,0.729,0.71,0.735,0.75,0.694,0.616,0.558,0.513,0.493,0.483,0.484,0.517,0.468,0.356,0.264,0.29,0.358,0.341,0.271,0.286,0.305,0.292
Faeroe Islands,1.22,1.12,1.2,1.28,1.4,1.31,1.1,1.06,1.01,1.06,1.15,1.13,1.12,1.11,1.08,1.05,1.03,1.16,1.28,1.28,1.29,1.26,1.14,1.04,0.97,0.952,1.01,1.03,1.12,−0.0232,−1.42,−1.73,−2,−2.16,−0.741,0.757,0.806,0.828,0.751,1.01,1.27,1.22,1.23,1.25,0.627,0.0456,0.0993,0.103,0.0372,−0.0392,−0.0496,0.0124,0.0537,0.097,0.722,1.39,1.46,1.43,1.41,1.41,0.9,0.379,0.338
"Micronesia, Fed. Sts.",3.6,3.61,3.32,3.04,3.06,3.08,3,2.95,2.98,3.02,2.81,2.59,2.57,2.57,2.37,2.18,2.22,2.59,2.92,2.91,2.88,2.87,2.85,2.83,2.79,2.73,2.67,2.28,1.89,1.85,1.83,2.43,3,2.62,1.35,0.413,0.314,0.245,0.119,0.152,0.214,0.0393,−0.167,−0.329,−0.448,−0.578,−0.7,−0.759,−0.772,−0.26,0.278,0.319,0.348,0.381,0.401,0.422,0.458,0.451,0.405,0.651,0.91,0.909,0.924
Gabon,1.16,1.23,1.29,1.35,1.42,1.49,1.55,1.61,1.9,2.13,2.07,2.04,2.07,2.12,2.2,2.28,2.37,2.45,2.5,2.55,2.61,2.65,2.69,2.71,2.73,2.75,2.76,2.77,2.76,2.73,2.71,2.68,2.66,2.61,2.56,2.52,2.51,2.51,2.52,2.56,2.61,2.65,2.7,2.77,2.87,2.98,3.1,3.19,3.29,3.42,3.53,3.56,3.51,3.34,3.09,2.8,2.56,2.39,2.29,2.2,2.1,2.02,1.97
Isle of Man,−0.763,0.509,0.945,0.944,0.923,1.31,1.98,2.25,2.22,2.19,2.03,1.74,1.57,1.45,1.29,1.25,1.32,1.34,1.34,1.34,0.834,0.149,−0.0867,−0.152,−0.192,0.445,1.37,1.64,1.64,1.65,1.31,0.767,0.572,0.542,0.505,0.735,1.12,1.27,1.27,1.19,1.1,1.02,0.975,0.942,0.934,1.02,1.08,1.1,1.11,1.1,0.621,−0.0142,−0.23,−0.295,−0.362,−0.171,0.156,0.233,0.188,0.135,0.258,0.303,0.226
UK,0.76,0.849,0.748,0.65,0.642,0.551,0.539,0.487,0.416,0.399,0.418,0.339,0.193,0.0631,−0.00742,−0.0246,−0.0329,0.00536,0.0897,0.12,0.0348,−0.0358,0.0341,0.158,0.227,0.232,0.213,0.222,0.26,0.299,0.309,0.27,0.24,0.255,0.265,0.255,0.258,0.291,0.333,0.357,0.385,0.423,0.466,0.569,0.687,0.735,0.779,0.787,0.756,0.784,0.782,0.695,0.67,0.736,0.792,0.758,0.679,0.606,0.564,0.366,−0.0819,1.13,0.821
Georgia,1.58,1.52,1.47,1.41,1.32,1.14,0.981,0.907,0.936,0.966,1.04,1.01,0.881,0.868,0.738,0.721,0.682,0.584,0.736,0.843,0.82,0.847,0.879,0.854,0.877,0.888,0.826,0.99,0.263,−0.0271,0.703,0.775,0.769,−1.54,−3.76,−3.63,−3.21,−2.47,−2.06,−1.94,−1.55,−0.897,−0.675,−0.619,−0.635,−0.568,−0.522,−0.304,−0.888,−0.729,−0.802,−0.737,−0.301,0.0469,0.157,0.0598,0.0134,−0.039,−0.172,0.0687,−0.38,0.105,1.28
Ghana,2.82,2.39,2.4,2.41,2.42,2.42,2.42,2.43,2.48,2.65,2.75,2.78,2.85,2.88,2.89,2.89,2.97,3.07,3.11,2.99,2.89,3,3.12,2.72,2.29,2.32,2.4,2.49,2.56,2.59,2.53,2.48,2.45,2.36,2.31,2.3,2.35,2.42,2.44,2.52,2.66,2.75,2.71,2.67,2.66,2.64,2.61,2.57,2.54,2.47,2.44,2.46,2.45,2.41,2.36,2.34,2.23,2.12,2.09,2.07,2.01,1.94,1.91
Gibraltar,0.389,1.55,2.43,2.39,2.38,2.34,2.3,2.22,2.13,1.98,1.43,0.934,0.856,0.799,0.696,0.673,0.619,0.521,0.466,0.405,0.295,0.153,−0.0277,−0.232,−0.397,−0.588,−0.824,−0.967,−1.12,−1.35,−1.21,−0.159,0.64,0.603,0.475,0.288,0.265,0.261,0.213,0.166,−0.0721,0.615,1.46,1.46,1.52,1.47,1.37,1.33,1.38,1.43,1.39,1.44,0.777,0.126,0.209,0.138,0.114,0.141,0.113,0.0734,−0.122,−0.0612,0.119
Guinea,1.74,1.76,1.79,1.81,1.83,1.85,1.87,1.9,1.9,1.84,1.78,1.71,1.66,1.6,1.56,1.53,1.53,1.56,1.66,1.77,1.89,2.02,2.13,2.24,2.37,2.49,2.6,2.65,2.63,3.49,4.03,3.22,3.08,3.02,2.8,2.84,2.06,1.89,2.26,1.96,1.3,1.55,2.24,2.13,1.98,2.06,2.29,2.41,2.44,2.46,2.47,2.45,2.44,2.48,2.55,2.59,2.56,2.53,2.54,2.51,2.44,2.39,2.36
Gambia,2.75,2.76,2.77,2.77,2.77,2.76,2.8,2.85,2.87,2.89,2.91,2.94,2.98,2.97,2.98,3.05,3.12,3.18,3.24,3.32,3.32,3.37,3.49,3.61,3.71,3.79,3.85,3.92,3.97,4.01,4.04,3.95,3.59,3.17,2.96,2.93,2.92,2.93,2.93,2.9,2.87,2.85,2.85,2.89,2.94,3.02,3.08,3.1,3.11,3.1,3.1,3.09,3.05,2.97,2.89,2.8,2.72,2.64,2.58,2.56,2.53,2.47,2.45
Guinea-Bissau,0.891,1.24,0.911,−0.897,−2.2,−1.27,0.525,1.75,0.752,0.641,0.479,0.243,1.21,3.32,5.62,6.08,6.3,6.2,3.38,1.19,1.61,1.61,1.59,1.57,1.55,1.55,1.55,1.57,1.59,1.59,2.06,2.88,3.26,3.06,2.5,2.07,1.9,1.84,1.87,2,2.13,2.23,2.3,2.36,2.4,2.46,2.55,2.58,2.57,2.59,2.63,2.68,2.69,2.65,2.58,2.52,2.44,2.37,2.34,2.28,2.2,2.15,2.13
Equatorial Guinea,1.82,1.9,1.97,2.04,2.11,2.18,2.25,2.23,1.11,−0.595,−1.59,−2.14,−2.42,−2.55,−2.54,−2.6,−1.69,−0.188,1.12,3.09,4.99,6.14,6.44,6.12,5.54,4.87,4.31,3.97,3.83,3.75,3.71,3.7,3.7,3.73,3.77,3.82,3.87,3.91,3.94,4.47,4.89,4.73,4.61,4.54,4.54,4.6,4.68,4.75,4.78,4.76,4.47,4.2,4.13,4.04,3.92,3.78,3.63,3.48,3.34,2.73,2.38,2.44,2.35
Greece,0.793,0.596,0.371,0.363,0.468,0.738,0.814,0.651,0.365,0.228,0.434,0.65,0.454,0.368,0.939,1.55,1.3,1.3,1.25,0.982,0.897,0.616,0.582,0.498,0.388,0.331,0.334,0.363,0.522,1.06,1.2,0.764,0.588,0.501,0.467,0.441,0.493,0.554,0.383,0.409,0.52,0.367,0.239,0.247,0.293,0.3,0.255,0.265,0.263,0.129,−0.148,−0.541,−0.725,−0.666,−0.659,−0.416,−0.198,−0.203,−0.105,−0.215,−1.22,−1.36,−0.631
Grenada,1.4,1,0.86,0.752,0.626,0.473,0.288,0.0798,−0.0818,−0.183,−0.263,−0.315,−0.346,−0.366,−0.373,−0.396,−0.468,−0.539,−0.596,−0.425,0.404,1.37,1.69,1.46,0.957,0.315,−0.292,−0.72,−0.656,−0.179,0.715,1.28,1.12,0.975,0.855,0.752,0.668,0.615,0.585,0.568,0.468,0.273,0.469,0.711,0.672,0.664,0.662,0.672,0.683,0.695,0.768,0.861,0.887,0.874,0.851,0.825,0.793,0.755,0.725,0.762,0.763,0.662,0.592
Greenland,3.63,3.79,3.92,3.24,4.17,3.26,3.4,3.52,3.4,3.29,1.71,2.3,1.44,1.02,0.202,0.201,−0.605,−0.406,0.81,1.2,1.58,0.976,1.16,1.15,0.944,0.562,1.12,1.29,0.908,0.541,−0.18,−0.361,−0.181,0.542,0.539,0.179,0.179,0.178,0,0.178,0.267,0.459,0.275,0.257,0.0422,−0.283,−0.386,−0.402,−0.00888,1.03,−0.0264,−0.141,−0.577,−0.333,−0.322,0.128,−0.0249,−0.266,0.36,0.252,0.506,0.0141,0.359
Guatemala,2.94,2.94,2.92,2.89,2.85,2.8,2.74,2.67,2.59,2.51,2.43,2.37,2.33,2.29,2.26,2.24,2.25,2.3,2.39,2.49,2.59,2.67,2.72,2.74,2.75,2.76,2.77,2.77,2.76,2.73,2.69,2.62,2.55,2.49,2.45,2.4,2.36,2.36,2.37,2.43,2.4,2.3,2.18,2.13,2.08,2.03,1.98,1.93,1.88,1.84,1.82,1.78,1.76,1.73,1.69,1.66,1.63,1.6,1.56,1.52,1.48,1.44,1.4
Guam,2.05,2.06,2.08,2.09,2.06,2,1.94,1.86,1.73,2.02,2.47,2.52,2.43,2.32,2.18,2.1,2.03,1.94,1.95,2.29,2.63,2.59,2.45,2.34,2.26,2.21,2.17,2.14,1.99,1.83,1.77,1.71,1.64,1.57,1.51,1.43,1.35,1.3,1.3,1.13,0.831,0.641,0.504,0.378,0.259,0.149,0.0534,−0.0231,−0.0881,0.197,0.45,0.448,0.397,0.292,0.259,0.219,0.154,0.0427,−0.032,0.359,0.767,0.725,0.683
Guyana,2.86,2.72,2.59,2.43,2.22,1.98,1.77,1.59,1.45,1.33,1.22,1.13,1.08,1.07,1.06,1.06,1.03,0.945,0.761,0.476,0.194,−0.00603,−0.163,−0.304,−0.431,−0.54,−0.627,−0.691,−0.735,−0.771,−0.405,0.121,0.294,0.315,0.285,0.25,0.217,0.197,0.174,0.137,0.0998,0.0676,0.0314,−0.0181,−0.0941,−0.177,−0.244,−0.314,−0.384,−0.444,−0.496,−0.0355,0.463,0.493,0.52,0.536,0.547,2.88,1.67,−0.194,0.92,0.516,0.63
"Hong Kong, China",1.7,4.24,3.44,2.42,2.63,0.885,2.53,2.12,1.6,2.43,2.16,1.92,2.82,3.16,1.9,1.26,1.44,1.81,5.47,2.67,2.35,1.55,1.52,0.983,1.07,1.25,1.01,0.84,1.04,0.321,0.829,0.84,1.72,2.25,1.98,4.44,0.833,0.835,0.955,0.882,0.737,0.443,−0.197,0.78,0.437,0.642,0.86,0.598,0.215,0.734,0.673,1.1,0.402,0.702,0.851,0.619,0.769,0.8,0.739,−0.359,−0.912,−0.908,2.55
Honduras,2.91,2.9,2.9,2.9,2.91,2.91,2.91,2.92,2.95,2.97,3,3.04,3.02,2.91,2.99,3.14,3.14,3.13,3.12,3.1,3.07,3.03,3,2.96,2.91,2.87,2.84,2.81,2.8,2.8,2.8,2.81,2.81,2.8,2.79,2.78,2.77,2.64,2.64,2.73,2.68,2.63,2.56,2.49,2.42,2.36,2.29,2.21,2.14,2.08,2.01,1.95,1.9,1.85,1.81,1.77,1.74,1.71,1.68,1.62,1.54,1.49,1.53
Croatia,0.653,0.703,0.688,0.642,0.657,0.693,0.647,0.619,0.591,0.472,0.43,0.434,0.439,0.458,0.476,0.527,0.52,0.471,0.298,0.109,0.255,0.492,0.517,0.472,0.45,0.425,0.387,0.326,0.253,0.212,−1.87,−2.44,0.537,1.11,−0.69,−1.37,−0.488,−0.0614,−0.432,−0.986,−3.85,0.0589,0.0285,0.0279,0.129,0.0235,−0.0219,−0.0119,−0.105,−0.227,−0.345,−0.306,−0.279,−0.407,−0.824,−0.698,−1.2,−0.893,−0.554,−0.433,−4.26,−0.604,−0.0633
Haiti,1.87,1.86,1.78,1.78,1.84,1.82,1.82,1.82,1.81,1.81,1.81,1.8,1.79,1.8,1.85,1.89,1.92,1.95,1.97,1.97,1.99,2.02,2.02,2.02,2.03,2.05,2.07,2.08,2.07,2.06,2.01,1.96,1.93,1.89,1.87,1.86,1.84,1.82,1.82,1.83,1.8,1.74,1.72,1.68,1.66,1.68,1.65,1.63,1.61,1.15,1.13,1.54,1.5,1.47,1.44,1.41,1.39,1.36,1.34,1.3,1.24,1.19,1.2
Hungary,0.453,0.323,0.26,0.316,0.277,0.302,0.372,0.383,0.417,0.38,0.286,0.298,0.322,0.446,0.588,0.55,0.465,0.345,0.181,0.0651,0.00678,−0.059,−0.15,−0.2,−0.182,−0.171,−0.168,−0.153,−1.09,−1.03,−0.00567,−0.0391,−0.114,−0.137,−0.139,−0.172,−0.201,−0.233,−0.283,−0.26,−0.229,−0.285,−0.286,−0.221,−0.199,−0.156,−0.155,−0.175,−0.155,−0.226,−0.283,−0.516,−0.275,−0.269,−0.238,−0.295,−0.266,−0.127,−0.0453,−0.215,−0.414,−0.691,−0.553
Indonesia,2.72,2.75,2.77,2.79,2.49,2.35,2.57,2.67,2.72,2.71,2.67,2.63,2.6,2.56,2.52,2.49,2.45,2.43,2.41,2.38,2.34,2.31,2.27,2.21,2.11,2,1.92,1.88,1.84,1.78,1.74,1.71,1.67,1.65,1.63,1.62,1.6,1.56,1.5,1.45,1.41,1.37,1.34,1.27,1.26,1.3,1.31,1.3,1.27,1.25,1.26,1.26,1.21,1.16,1.11,1.06,1.01,0.966,0.938,0.84,0.695,0.637,0.735
India,2.3,2.31,2.31,2.3,2.24,2.15,2.13,2.17,2.2,2.21,2.22,2.23,2.25,2.26,2.24,2.21,2.21,2.21,2.22,2.26,2.28,2.26,2.26,2.26,2.25,2.24,2.21,2.18,2.17,2.14,2.1,2.07,2.05,2.02,1.99,1.95,1.92,1.89,1.85,1.82,1.81,1.78,1.72,1.67,1.6,1.52,1.47,1.42,1.39,1.38,1.36,1.33,1.3,1.24,1.19,1.19,1.16,1.09,1.03,0.955,0.797,0.68,0.805
Ireland,−0.149,0.412,0.584,0.486,0.374,0.399,0.471,0.45,0.585,0.835,1.17,1.49,1.6,1.66,1.65,1.51,1.35,1.42,1.33,1.15,1.17,0.945,0.709,0.62,0.16,0.0454,0.0104,−0.428,−0.396,0.0844,0.575,0.682,0.5,0.394,0.513,0.791,1,1.04,1.13,1.33,1.59,1.69,1.63,1.83,2.18,2.7,2.89,2.04,1.02,0.545,0.436,0.424,0.527,0.731,0.945,1.13,1.09,1.24,1.37,1.03,0.954,1.85,2.6
Iran,2.74,2.79,2.85,2.92,2.96,2.92,2.85,2.8,2.82,2.87,2.86,2.82,2.85,2.91,2.97,2.95,3.01,3.15,3.31,3.48,4.95,4.88,3.53,3.57,3.53,3.43,3.27,3.06,2.9,3.93,3.86,2.35,0.644,0.385,1.34,1.31,1.42,1.56,1.58,1.65,1.71,0.974,0.928,1.62,1.61,1.55,1.45,1.37,1.36,1.4,1.28,1.28,1.46,1.9,2.26,1.84,1.43,1.31,1.1,0.835,0.723,0.711,0.7
Iraq,2.45,3,3.34,3.33,3.36,3.37,3.39,3.42,3.44,3.47,3.44,3.41,3.41,3.36,3.28,3.23,3.29,3.33,3.18,3.12,2.99,2.81,2.97,3.13,2.42,2.47,2.75,2.32,2.64,1.23,1.06,2.98,4.83,4.82,3.4,3.24,3.15,3.19,3.27,3.34,3.18,3.21,3.05,2.88,2.97,0.718,−0.85,1.93,3.6,3.17,3.5,4.49,4.67,3.5,2.71,2.46,2.36,2.42,2.37,2.36,2.27,2.19,2.24
Iceland,1.95,1.85,1.78,1.78,1.73,1.69,1.61,1.37,0.929,0.524,0.809,1.46,1.51,1.35,1.28,0.993,0.744,0.781,0.978,1.06,1.14,1.34,1.32,1.06,0.788,0.733,1.1,1.57,1.24,0.778,1.16,1.26,1.02,0.867,0.542,0.54,0.819,1.07,1.21,1.37,1.33,0.893,0.693,0.878,1.58,2.35,2.53,1.86,0.341,−0.144,0.305,0.532,0.946,1.11,1.04,1.39,2.35,2.68,2.2,1.62,1.64,2.51,2.99
Israel,3.3,4.82,3.68,3.96,3.49,2.54,4.32,2.09,2.61,3.32,3.14,2.54,4.05,2.98,2.28,2.23,2.24,2.11,2.57,2.4,1.99,1.88,1.82,1.31,1.76,1.55,1.62,1.66,1.7,3.09,6.02,3.46,2.66,2.59,2.67,2.62,2.5,2.29,2.55,2.64,2.36,2.01,1.81,1.77,1.76,1.77,1.78,1.78,2.39,1.83,1.85,1.85,1.87,1.92,1.98,1.96,1.94,1.93,1.91,1.76,1.68,1.97,2.06
Italy,0.668,0.677,0.73,0.823,0.842,0.777,0.724,0.632,0.566,0.529,0.466,0.568,0.678,0.654,0.597,0.499,0.425,0.356,0.289,0.206,0.12,0.0741,0.0363,0.0223,0.0289,0.00545,0.0102,0.0483,0.075,0.0837,0.0692,0.0679,0.0611,0.0204,0.00159,0.0281,0.0529,0.0288,0.0168,0.0453,0.0562,0.149,0.445,0.647,0.491,0.301,0.505,0.662,0.456,0.308,0.172,0.27,1.16,0.917,−0.0964,−0.17,−0.15,−0.19,−1.15,−0.487,−0.516,−0.326,−0.305
Jamaica,1.3,1.2,1.19,1.24,1.26,1.24,1.22,1.2,1.23,1.33,1.44,1.53,1.56,1.51,1.42,1.31,1.25,1.24,1.26,1.35,1.45,1.51,1.5,1.39,1.23,1.03,0.876,0.791,0.785,0.783,0.826,0.937,1,1.02,1.01,0.933,0.867,0.842,0.762,0.612,0.504,0.488,0.483,0.489,0.481,0.477,0.429,0.375,0.406,0.421,0.448,0.496,0.481,0.411,0.355,0.295,0.202,0.123,0.0689,0.237,0.257,−0.0112,−0.0649
Jordan,5.05,4.68,4.6,5.06,6.03,7,7.62,7.67,7.05,6.02,4.94,4.1,3.61,3.35,3.18,3.05,3.05,3.13,3.28,3.62,3.97,4.23,4.41,4.48,4.52,4.56,4.58,4.62,4.76,5,5.2,5.32,5.26,4.85,4.12,3.32,2.68,2.31,2.17,2.11,2.1,2.15,2.26,2.49,2.61,6.76,6.34,2.43,2.2,2.2,2.55,1.42,6.48,11.8,9.22,4.84,2.49,2.37,2.26,2.13,1.99,1.23,0.452
Japan,0.896,0.929,1.01,1.04,1.08,0.914,1.03,1.13,1.19,1.15,2.19,1.4,1.41,1.33,1.27,1.07,0.968,0.91,0.847,0.788,0.728,0.694,0.696,0.648,0.626,0.532,0.482,0.416,0.4,0.332,0.393,0.371,0.324,0.279,0.235,0.227,0.238,0.272,0.183,0.167,0.241,0.233,0.214,0.0337,0.00939,0.0634,0.115,0.0484,−0.0125,0.018,−0.185,−0.16,−0.144,−0.133,−0.106,−0.0511,−0.0819,−0.127,−0.14,−0.294,−0.46,−0.444,−0.487
Kazakhstan,3.38,3.27,3.15,3,2.85,2.71,2.59,2.46,2.22,1.83,1.45,1.34,1.4,1.42,1.43,1.41,1.47,1.52,1.5,1.53,1.57,1.63,1.71,1.74,1.74,1.98,2.21,2.2,−1.11,0.604,0.632,−0.0767,−0.356,−1.44,−2.06,−1.52,−1.58,−1.73,−0.955,−0.3,−0.17,0.00413,0.336,0.695,0.889,1.06,1.14,1.87,1.98,1.41,1.43,1.41,1.44,1.47,1.46,1.42,1.36,1.31,1.29,1.3,2.3,2.29,1.34
Kenya,3.75,3.85,3.91,3.95,4.01,4.01,3.98,3.97,3.93,3.85,3.64,3.51,3.49,3.42,3.34,3.25,3.31,3.44,3.47,3.56,3.63,3.66,3.71,3.71,3.66,3.58,3.51,3.5,3.46,3.4,3.21,3.04,2.94,2.88,2.81,2.71,2.67,2.69,2.8,2.92,3.03,3.03,2.97,2.99,2.98,2.97,2.97,2.98,2.96,2.82,2.66,2.53,2.41,2.29,2.2,2.2,2.18,2.03,1.98,2.01,1.94,1.91,1.97
Kyrgyz Republic,3.78,3.38,3.38,3.32,3.08,3.14,3.01,2.95,2.68,2.22,2.09,2.16,2.1,2.2,2.1,1.99,1.92,1.83,1.84,1.82,1.87,1.97,2.08,2.01,1.87,1.89,1.9,1.76,2.09,1.92,1.64,1.15,0.0288,−0.0354,0.998,1.48,1.46,1.53,1.49,1.19,0.949,0.918,1.05,1.21,1.13,1.08,0.954,0.95,1.21,1.19,1.22,1.67,1.98,2.01,2.06,2.04,1.93,1.99,2.09,1.9,2.9,2.93,1.79
Cambodia,2.19,2.17,2.13,2.13,2.13,2.06,2,1.95,1.91,0.43,−0.182,1.04,1.26,0.887,−2.72,−6.46,−4.32,−1.32,1.51,2.4,2.63,3.93,3.89,3.6,3.34,3.79,4.02,3.62,3.58,3.89,3.84,4.84,5.26,3.76,2.63,2.38,2.2,2.06,1.95,1.83,1.79,1.8,1.78,1.77,1.75,1.73,1.74,1.66,1.51,1.46,1.45,1.45,1.43,1.4,1.35,1.33,1.31,1.22,1.13,1.16,1.17,1.07,1.05
Kiribati,2.48,2.52,2.54,2.55,2.56,1.82,1.03,0.943,1.45,1.96,1.89,1.81,1.65,0.584,−0.457,−0.603,−0.692,−0.719,0.52,1.72,1.73,1.77,1.8,1.88,2.08,2.31,2.43,2.45,2.42,2.27,1.96,1.67,1.52,1.47,1.5,1.64,1.77,1.76,1.71,1.75,1.9,2.04,2.04,2.02,2,1.94,1.9,1.91,1.93,1.87,1.72,1.58,1.51,1.47,1.49,1.54,1.55,1.57,1.61,1.77,1.89,1.81,1.72
St. Kitts and Nevis,−0.732,−1.51,−1.85,−2.11,−2.35,−2.6,−2.83,−3.09,−3.49,−2.56,−0.86,−0.375,−0.393,−0.421,−0.382,−0.338,−0.314,−0.317,−0.431,−0.419,−0.335,−0.371,−0.454,−0.518,−0.558,−0.607,−0.651,−0.714,−0.799,−0.872,−0.232,0.879,1.33,1.33,1.3,1.28,1.29,1.31,1.34,1.41,1.15,0.603,0.36,0.32,0.311,0.318,0.3,0.299,0.275,0.247,0.375,0.306,0.0838,0.0461,0.00209,−0.00419,−0.00628,−0.0502,−0.103,−0.147,−0.0756,0.107,0.205
South Korea,2.97,2.86,2.78,2.62,2.54,2.51,2.34,2.32,2.26,2.18,1.97,1.88,1.77,1.71,1.68,1.6,1.56,1.52,1.52,1.56,1.56,1.55,1.47,1.23,0.985,0.995,0.985,0.979,0.989,0.985,0.99,1.04,1.02,1.01,1.01,0.953,0.938,0.722,0.711,0.836,0.767,0.578,0.518,0.396,0.212,0.525,0.505,0.759,0.515,0.498,0.769,0.526,0.455,0.628,0.527,0.397,0.281,0.434,0.348,0.138,−0.129,−0.187,0.0775
Kosovo,2.4,2.38,2.34,2.28,2.19,2.11,2.1,2.14,2.2,2.22,2.35,2.58,2.63,2.62,2.59,2.57,2.52,2.4,2.31,2.41,2.39,2.32,2.37,2.37,2.3,2.2,2.06,1.8,1.67,1.74,1.87,1.83,1.7,1.62,1.57,1.5,1.42,−5.33,−10.2,−3.52,0.926,0.354,−0.399,−0.391,−0.393,−0.406,−0.41,−0.379,−0.328,−0.273,0.377,0.431,0.607,−0.294,−1.36,−0.597,0.754,0.339,−0.458,0.0701,−0.229,−1.01,−0.665
Kuwait,10.6,10.7,10.6,10.2,9.83,9.57,9.41,9.2,8.7,7.73,6.74,6.21,6.02,5.99,6.17,6.43,6.5,6.36,6.07,5.62,5.16,4.95,4.91,4.39,4.05,4.1,4,3.86,3.73,−27.7,−22.3,19.1,2.02,−0.761,0.856,2.86,3.36,3.24,3.13,3.02,2.89,2.76,2.61,2.44,3.73,5.57,5.89,5.59,5.31,5.15,6.59,7.68,7.16,3.11,3.84,3.5,1.88,4.56,2.83,−1.83,−2.56,0.44,0.961
Lao,2.26,2.3,2.3,2.27,2.29,2.3,2.32,2.35,2.36,2.39,2.42,2.44,2.44,2.38,2.21,1.95,1.73,1.66,1.74,1.95,2.2,2.42,2.58,2.68,2.75,2.81,2.85,2.87,2.87,2.84,2.81,2.75,2.69,2.58,2.45,2.34,2.09,1.85,1.76,1.69,1.62,1.55,1.47,1.38,1.46,1.59,1.58,1.55,1.52,1.49,1.46,1.43,1.4,1.36,1.42,1.52,1.53,1.52,1.5,1.48,1.43,1.4,1.38
Lebanon,3.02,3.12,3.07,2.95,2.77,2.75,2.65,2.65,2.68,2.46,2.5,2.58,2.52,2.42,2.21,13.2,11.9,−8.26,−9.25,2.1,2.12,1.41,1.19,1.8,1.98,2.49,2.47,1.94,1.96,1.92,2.01,2.12,1.94,1.8,1.82,1.87,1.8,1.72,1.69,1.65,1.57,1.3,1.3,1.54,1.48,1.64,1.88,1.61,1.29,0.898,0.981,2.61,9.23,9.97,1.97,−2.22,−2.42,−2.63,−2.88,−2.08,−1.25,−1.86,−2.5
Liberia,2.43,2.47,2.49,2.5,2.53,2.53,2.54,2.56,2.59,2.61,2.57,2.59,2.67,2.72,2.75,2.76,2.85,2.94,2.96,2.97,2.93,2.87,2.96,3.04,2.97,2.91,2.85,2.79,2.75,−12.6,−13.1,5.68,3.83,−0.356,0.807,2.83,7.82,10.2,5.55,3.71,2.94,2.61,0.8,1.2,4.5,5.63,5,4.08,3.15,2.9,3.93,3.54,2.18,2.06,2.04,2.01,1.91,1.92,1.94,2.03,2.06,2.08,2.16
Libya,3.56,3.74,3.81,3.53,2.86,2.31,2.2,2.27,2.36,2.46,2.54,2.74,3.49,4.47,5.03,5.18,5.17,5.15,5.13,5.05,4.92,4.81,4.73,4.03,3.3,3.09,2.9,2.76,2.66,2.56,2.45,2.34,2.23,2.1,1.96,1.82,1.69,1.59,1.53,1.9,2.32,2.42,2.51,2.58,2.61,2.29,2.05,2.13,2.09,2.05,−4.79,−5.28,1.95,1.86,1.54,1.44,1.52,1.55,1.4,1.28,1.21,1.14,1.11
St. Lucia,1.24,1.14,1.13,1.11,1.12,1.13,1.15,1.14,1.19,1.45,1.63,1.59,1.54,1.49,1.59,1.71,1.72,1.73,1.74,1.8,1.85,1.83,1.76,1.69,1.61,1.54,1.45,1.37,1.29,1.3,1.37,1.48,1.47,1.31,1.18,1.06,0.96,0.897,0.889,0.783,0.684,0.748,0.768,0.728,0.696,0.653,0.628,0.63,0.657,0.732,0.705,0.567,0.492,0.474,0.467,0.449,0.424,0.408,0.39,0.366,0.231,0.115,0.219
Liechtenstein,2.17,2.27,2.32,2.43,2.42,2.44,2.65,2.76,2.7,2.55,2.01,1.64,1.71,1.72,1.72,1.66,1.64,1.67,1.68,1.56,1.36,1.34,1.41,1.39,1.37,1.39,1.4,1.45,1.47,1.43,1.39,1.41,1.45,1.44,1.44,1.44,1.37,1.31,1.31,1.25,1.05,0.945,0.907,0.878,0.879,0.823,0.745,0.712,0.771,0.701,0.729,0.869,0.821,0.785,0.696,0.678,0.742,0.768,0.785,0.71,0.728,0.735,0.651
Sri Lanka,2.41,2.41,2.41,2.41,2.39,2.37,2.37,2.36,2.27,2.2,2.12,2.03,1.96,1.87,1.81,1.79,1.77,1.79,1.83,1.78,1.69,1.57,1.41,1.36,1.38,1.39,1.39,1.36,1.28,1.25,1.23,1.19,1.13,1.04,0.916,0.794,0.689,0.603,0.589,0.566,0.763,1,1,0.965,0.937,0.996,1.04,1.03,0.966,0.904,0.921,0.752,0.544,0.508,0.457,0.415,0.379,0.756,0.612,0.531,1.08,0.113,−0.651
Lesotho,3.08,3.08,3.07,3.05,3.07,3.16,3.44,3.64,3.6,3.54,3.49,3.46,3.44,3.44,3.41,3.26,2.98,2.8,2.79,2.79,2.79,2.79,2.78,2.77,2.72,2.63,2.33,2.03,1.91,1.79,1.68,1.57,1.44,1.33,1.22,1.08,0.89,0.66,0.432,0.22,0.0422,−0.097,−0.226,−0.384,−0.402,−0.0326,0.338,0.581,0.707,0.674,0.735,0.833,0.931,1.02,1.1,1.19,1.24,1.25,1.25,1.27,1.21,1.06,1.06
Lithuania,1.61,1.4,1.24,1.24,1.23,1.22,1.2,1.13,0.92,1.04,1.25,1.08,0.954,0.904,0.844,0.815,0.789,0.727,0.541,0.451,0.577,0.703,0.807,0.829,0.86,0.965,1.04,1.06,0.796,0.368,0.17,−0.109,−0.474,−0.694,−0.77,−0.76,−0.738,−0.724,−0.709,−0.703,−0.824,−0.803,−0.812,−1.12,−1.63,−1.6,−1.19,−1.03,−1.11,−2.1,−2.26,−1.34,−1.01,−0.86,−0.941,−1.27,−1.4,−0.954,−0.265,0.0268,0.213,1.09,1.41
Luxembourg,0.912,1.22,1.04,1.12,1.14,0.72,0.329,0.255,0.49,0.494,0.954,1.21,1.1,1.3,1.09,0.495,0.174,0.179,0.234,0.356,0.295,0.0821,0.0265,0.103,0.193,0.449,0.648,0.726,0.973,1.25,1.34,1.33,1.34,1.36,1.4,1.36,1.25,1.24,1.35,1.34,1.19,1.05,1.22,1.42,1.53,1.6,1.54,1.79,1.85,1.83,2.22,2.4,2.31,2.36,2.36,2.16,2.43,1.93,1.96,1.67,1.52,2.02,2.35
Latvia,1.48,1.33,1.34,1.33,1.12,0.76,0.785,0.969,0.838,0.68,0.727,0.808,0.837,0.881,0.774,0.603,0.568,0.516,0.321,0.229,0.307,0.462,0.588,0.628,0.655,0.812,1.02,1.02,0.508,−0.143,−0.473,−1.38,−1.97,−1.67,−1.43,−1.13,−0.997,−0.943,−0.814,−0.964,−1.29,−1.16,−0.966,−1.09,−1.08,−0.917,−0.816,−1.05,−1.65,−2.08,−1.82,−1.24,−1.07,−0.942,−0.819,−0.914,−0.886,−0.779,−0.695,−0.701,−0.843,−0.271,0.126
"Macao, China",0.932,4.04,3.99,3.93,3.85,3.73,3.58,3.4,3.16,2.82,1.03,−0.467,−0.335,−0.225,−0.146,−0.105,−0.104,−0.145,−0.18,−0.111,1.36,3.16,3.66,3.81,3.94,4.02,4.03,3.98,3.89,3.75,3.41,2.72,2.22,2.1,2,1.91,1.81,1.7,1.6,1.49,1.66,2.37,2.82,2.77,2.72,2.67,2.65,2.63,2.61,2.6,2.43,2.04,1.8,1.8,1.82,1.84,1.88,1.92,1.93,1.89,1.52,1.24,1.28
St. Martin (French part),2.93,3.01,3.05,3.09,3.5,4.29,4.84,3.76,2.67,2.73,2.64,2.6,2.65,2.66,3.19,3.54,3.35,3.12,2.88,2.66,2.38,11.8,20.5,19.1,16.7,14.9,13.4,12.2,11,6.7,2.14,1.04,0.728,0.454,0.187,−0.0952,−0.368,−0.675,−0.0103,1.74,2.59,2.51,2.44,2.38,2.28,2.16,2.04,1.86,1.65,0.898,−0.297,−0.895,−1.08,−1.07,−0.686,−0.599,−0.909,−1.88,−2.18,−1.73,−1.88,−0.493,0.896
Morocco,2.62,2.64,2.56,2.46,2.56,2.63,2.67,2.66,2.64,2.64,2.6,2.55,2.51,2.47,2.47,2.46,2.5,2.57,2.58,2.63,2.66,2.63,2.57,2.46,2.35,2.17,1.98,1.88,1.79,1.74,1.68,1.64,1.59,1.52,1.51,1.49,1.46,1.43,1.38,1.33,1.31,1.28,1.22,1.25,1.32,1.31,1.29,1.28,1.28,1.31,1.34,1.35,1.34,1.31,1.25,1.22,1.19,1.12,1.04,1.05,1.05,1.02,1.01
Monaco,0.503,0.904,1.51,1.43,1.12,0.762,0.357,0.855,1.66,1.64,1.39,1.13,0.852,0.635,1.03,1.45,1.32,1.18,1.05,0.898,0.765,1.05,1.48,1.5,1.4,1.26,1.12,1.02,0.922,0.831,0.772,0.75,0.744,0.735,0.73,0.75,0.782,0.751,0.573,0.219,−0.0647,−0.179,−0.216,−0.248,−0.295,−0.405,−0.589,0.122,1.68,2.37,2.29,2.2,2.07,1.92,1.78,0.842,−0.0729,−0.0405,0.0135,−0.303,−0.641,−0.593,−0.473
Moldova,2.56,2.31,2.05,1.86,1.62,1.52,1.4,1.28,1.2,1.12,1.07,1.06,1.05,1.07,1.06,1.05,0.977,0.938,0.899,0.862,0.884,0.934,0.954,0.974,0.964,0.983,1.03,0.909,0.71,0.462,0.244,0.0811,−0.027,−0.243,−0.486,−0.2,−0.37,−0.0404,−0.157,−0.203,−0.224,−0.232,−0.282,−0.247,−0.243,−0.278,−0.232,−0.19,−0.126,−0.0998,−0.0578,−0.0131,−0.0268,−0.061,−0.767,−1.16,−1.73,−1.76,−1.6,−1.1,−1.5,−2.22,−2.07
Madagascar,2.59,2.6,2.61,2.62,2.64,2.66,2.71,2.76,2.83,2.89,2.98,3.03,3.04,3.03,3.01,2.99,2.97,2.95,2.93,2.9,2.85,2.82,2.8,2.78,2.78,2.78,2.81,2.86,2.9,2.96,3.01,3.04,3.09,3.15,3.17,3.18,3.17,3.14,3.1,3.04,3,2.96,2.93,2.93,2.92,2.93,2.93,2.91,2.9,2.87,2.8,2.73,2.67,2.63,2.59,2.59,2.58,2.55,2.53,2.48,2.42,2.38,2.38
Maldives,2.48,2.5,2.5,2.47,3.23,3.89,3.47,3.06,2.99,3.03,3.05,3.04,2.97,2.92,2.97,2.99,2.89,2.75,2.72,2.81,2.86,2.82,2.72,2.78,3.2,3.53,3.5,3.32,3.16,3.17,3.15,2.96,2.77,2.55,2.35,2.16,1.95,1.75,1.56,1.57,1.69,1.71,1.68,1.64,1.6,2.38,3.35,3.55,3.54,3.53,3.5,3.44,3.35,3.92,4.42,4.2,3.93,3.6,2.97,1.95,1.36,0.446,−0.529
Mexico,3.18,3.27,3.3,3.33,3.34,3.32,3.29,3.26,3.22,3.18,3.15,3.12,3.1,3.06,3.02,2.96,2.95,2.95,2.84,2.59,2.23,2.03,1.99,1.94,1.86,1.79,1.73,1.71,1.69,1.84,1.98,1.95,1.93,1.9,1.86,1.78,1.73,1.69,1.64,1.58,1.54,1.52,1.49,1.47,1.43,1.36,1.32,1.27,1.24,1.33,1.43,1.4,1.32,1.24,1.17,1.13,1.08,0.952,0.86,0.727,0.559,0.629,0.743
Marshall Islands,3.16,3.22,3.36,3.42,3.46,3.46,4.53,6.57,7.44,5.78,2.92,1.62,1.73,2.52,3.28,3.33,3.33,3.33,3.32,3.45,3.78,3.98,3.99,3.98,3.99,3.94,3.86,3.65,2.93,2.33,2.16,2.02,1.92,1.81,1.71,1.64,1.58,1.53,1.25,0.722,0.348,0.152,−0.00551,−0.106,−0.18,−0.238,−0.314,−0.412,−0.415,−0.331,−0.837,−1.46,−1.64,−1.83,−2.02,−2.21,−2.39,−2.57,−2.78,−2.98,−3.19,−1.15,1.02
North Macedonia,1.27,1.09,0.965,1.16,1.2,1.27,1.33,1.37,1.42,1.42,1.33,1.33,1.39,1.39,1.4,1.42,1.43,1.45,1.47,1.46,1.47,1.19,0.822,0.719,0.643,0.569,0.504,0.436,0.368,0.233,−0.367,−0.921,−1.05,−0.726,0.0759,0.516,0.132,0.532,0.478,0.455,0.42,−0.726,0.127,−0.324,−0.54,−0.552,−0.571,−0.579,−0.647,−0.639,−0.458,−0.392,−0.369,−0.269,−0.268,−0.32,−0.402,−0.507,−0.679,−1.08,−1.03,−0.294,−1.08
Mali,1.36,1.37,1.37,1.37,1.39,1.39,1.4,1.44,1.46,1.5,1.52,1.58,1.69,1.75,1.78,1.78,1.86,1.96,2.03,2.12,2.15,2.15,2.15,2.09,1.94,1.78,1.66,1.68,1.8,1.93,1.98,2.02,2.08,2.14,2.13,2.1,2.22,2.49,2.75,2.91,3.02,3.13,3.21,3.27,3.31,3.31,3.3,3.28,3.26,3.25,3.23,2.92,2.92,3.17,3.15,3.19,3.22,3.17,3.13,3.14,3.16,3.1,3.05
Malta,−0.399,−0.416,−0.418,−0.404,−0.766,−1.14,−1.16,−1.18,−1.18,−0.544,0.0165,−0.0826,−0.0827,−0.0675,0.734,0.509,0.39,1.04,1.01,1.05,0.735,2.14,1.41,0.0209,1.76,1.67,0.689,0.821,0.973,0.978,2.7,1.03,0.999,0.935,0.697,0.657,0.757,0.65,0.593,0.645,0.751,0.746,0.658,0.672,0.637,0.364,0.349,0.651,0.754,0.491,0.424,0.899,1.4,2,2.39,2.29,2.74,3.49,3.93,2.21,0.62,2.4,4.08
Myanmar,2.2,2.21,2.23,2.25,2.29,2.31,2.33,2.35,2.34,2.32,2.29,2.26,2.13,1.99,1.97,1.95,1.96,1.98,1.96,1.94,1.91,1.84,1.94,2.06,1.97,1.86,1.74,1.65,1.59,1.53,1.44,1.36,1.33,1.3,1.27,1.26,1.26,1.23,1.17,1.1,1.04,1.01,0.951,0.879,0.812,0.759,0.74,0.584,0.586,0.762,0.814,0.847,0.853,0.834,0.803,0.79,0.76,0.72,0.708,0.719,0.699,0.706,0.733
Montenegro,2.17,2.3,2.14,1.61,0.873,0.0175,−0.691,−1.02,−0.803,−0.182,0.592,1.22,1.6,1.62,1.4,1.11,0.903,0.802,0.854,1,1.19,1.3,1.27,1.07,0.748,0.381,0.0712,−0.12,−0.139,−0.0328,0.121,0.232,0.271,0.2,0.0528,−0.116,−0.243,−0.305,−0.419,−0.028,0.402,0.401,0.399,0.177,0.148,0.124,0.138,0.177,0.215,0.183,0.105,0.0842,0.0976,0.097,0.0561,0.0231,0.0112,−0.0235,−0.032,−0.116,−0.338,−0.323,−0.168
Mongolia,3.38,3.29,2.88,2.58,2.69,2.75,2.75,2.65,2.53,2.5,2.59,2.68,2.78,2.87,2.91,2.88,2.8,2.72,2.54,2.4,2.41,2.42,2.44,2.48,2.54,2.58,2.59,2.55,2.24,1.9,1.77,1.64,1.5,1.36,1.24,1.14,1.04,0.977,0.966,0.922,0.878,0.886,0.872,0.851,0.836,0.855,0.941,1.08,1.24,1.33,1.52,1.75,1.87,2.01,2.11,2.16,2.17,2.17,2.14,1.9,1.61,1.5,1.43
Northern Mariana Islands,2.98,3.15,3.29,3.38,3.37,3.35,1.34,−2.65,−4.79,1.9,10.6,12.1,10.2,5.59,2.41,2.11,1.94,1.83,1.84,6.56,12.2,12.9,12.2,11.6,10.9,10.1,9.32,8.51,7.89,4.57,0.623,−0.361,−0.375,−0.351,1.94,9.12,13.1,11.9,10.7,5.24,−1.07,−2.96,−3.35,−3.72,−4.08,−4.39,−4.66,−4.91,−5.08,−5.34,−2.94,−0.307,−0.417,−0.548,−0.662,−0.742,−0.793,−0.841,−0.891,−0.545,−0.214,0.141,0.493
Mozambique,1.88,2.04,2.09,2.11,2.16,2.18,2.18,2.22,2.24,2.33,2.48,2.72,2.93,3.03,3.14,3.2,3.38,3.58,3.54,2.54,1.96,2.22,2.17,2.14,2.02,1.8,0.425,−0.0619,1,1.64,1.92,1.87,2.78,4.85,4.47,3.06,2.71,2.4,2.42,2.45,2.51,2.57,2.6,2.61,2.59,2.56,2.59,2.62,2.67,2.8,2.93,3.01,3.07,3.07,3.04,3.13,3.1,2.95,2.89,2.9,2.84,2.74,2.78
Mauritania,2.73,2.78,2.82,2.87,2.92,2.97,3,3.02,3.02,3.02,3,2.98,2.98,2.97,2.97,2.96,2.92,2.89,2.89,2.91,2.94,2.96,2.96,2.95,2.94,2.92,2.91,2.92,2.55,2.57,2.96,3.86,4.08,3.43,2.78,2.02,2.26,2.63,2.71,2.8,2.45,2.14,2.16,2.17,2.21,2.26,2.32,2.5,2.72,2.87,3.02,3.12,2.9,2.64,2.65,2.64,2.63,2.63,2.61,2.58,2.55,2.59,2.64
Mauritius,0.6,2.84,2.61,2.41,2.23,2.08,1.95,1.83,1.74,1.66,1.59,1.52,1.49,1.52,1.58,1.61,1.63,1.31,1.74,1.69,1.48,1.22,0.92,1.05,0.817,0.765,0.748,0.688,0.766,0.712,1.08,1.32,1.19,1.4,0.86,1.02,1.25,1.05,1.27,0.983,0.79,0.694,0.724,0.627,0.592,0.466,0.456,0.362,0.266,0.238,0.16,0.277,0.242,0.181,0.132,0.0687,0.0902,0.0545,0.0322,0.00229,0.0253,−0.301,−0.117
Malawi,2.38,2.42,2.46,2.45,2.44,2.46,2.47,2.48,2.45,2.46,2.51,2.57,2.64,2.72,2.82,2.93,3.14,3.45,3.72,3.88,3.95,3.98,3.96,3.9,3.82,3.67,4.77,5.38,4.69,3.9,3.01,2.85,1.39,−1.23,−0.188,1.94,1.94,2.07,2.23,2.3,2.37,2.45,2.54,2.64,2.74,2.8,2.83,2.88,2.91,2.89,2.86,2.83,2.81,2.79,2.76,2.72,2.7,2.69,2.68,2.67,2.61,2.56,2.55
Malaysia,3.03,3.04,3.02,2.95,2.85,2.7,2.56,2.47,2.42,2.4,2.36,2.33,2.39,2.43,2.46,2.48,2.56,2.62,2.61,2.61,2.61,2.59,2.64,2.72,2.83,2.94,3,3.02,2.95,2.88,2.82,2.79,2.79,2.79,2.76,2.71,2.67,2.61,2.53,2.54,2.57,2.52,2.44,2.37,2.3,2.23,2.18,2.09,1.98,1.76,1.61,1.62,1.59,1.55,1.5,1.46,1.42,1.32,1.24,1.2,1.12,1.08,1.09
Namibia,1.89,2.04,2.18,2.32,2.44,2.54,2.67,2.76,2.83,2.9,2.94,2.99,2.99,3.01,3.07,2.84,2.66,1.7,1.61,1.93,1.16,1.82,2.7,2.76,2.91,3.12,3.27,3.58,6.42,6.09,3.35,3.2,3.24,3.17,2.97,2.75,2.58,2.49,2.41,2.27,2.03,1.72,1.41,1.24,1.2,1.2,1.25,1.34,1.43,1.5,1.56,1.63,1.69,1.73,1.75,1.77,1.76,1.73,1.69,1.72,1.64,1.45,1.44
New Caledonia,2.75,2.67,2.72,2.76,2.69,3.26,3.16,3.06,4.42,7.41,6.9,4.48,2.36,1.93,1.14,1.13,1.48,1.1,0.725,1.11,1.84,2.12,2.04,1.96,1.83,1.86,1.98,1.94,1.97,2.37,2.58,2.5,2.58,2.67,2.26,1.92,1.93,1.9,1.9,1.9,1.9,1.9,1.7,1.52,1.52,1.5,1.47,1.45,1.31,1.53,1.83,1.81,1.78,1.66,0.525,0.282,0.218,0.133,0.0258,−0.059,−0.255,−0.435,−0.475
Niger,2.96,2.97,2.96,2.95,2.92,2.89,2.88,2.84,2.79,2.75,2.69,2.66,2.67,2.68,2.71,2.76,2.8,2.89,3,3.06,3.08,3.07,3.03,3.02,3.02,3.02,3.03,3.04,3.05,3.09,3.11,3.11,3.15,3.21,3.32,3.37,3.34,3.38,3.41,3.42,3.46,3.47,3.5,3.55,3.59,3.61,3.64,3.67,3.7,3.73,3.75,3.81,3.82,3.78,3.83,3.87,3.83,3.79,3.77,3.73,3.71,3.71,3.73
Nigeria,2.04,2.09,2.11,2.14,2.17,2.17,2.11,2.1,2.14,2.2,2.26,2.32,2.43,2.57,2.73,2.83,2.94,3.02,3.04,3.06,3,2.9,2.51,2.47,2.73,2.62,2.58,2.59,2.61,2.63,2.56,2.52,2.56,2.57,2.56,2.53,2.52,2.52,2.54,2.6,2.65,2.68,2.69,2.7,2.69,2.7,2.71,2.72,2.73,2.74,2.76,2.75,2.7,2.63,2.54,2.51,2.53,2.5,2.45,2.44,2.41,2.38,2.38
Nicaragua,3.02,3.03,3.04,3.05,3.08,3.11,3.16,3.21,3.23,3.25,3.25,3.03,3.01,3.17,3.14,3.1,3.05,2.91,2.7,2.73,2.82,2.74,2.62,2.48,2.38,2.34,2.3,2.3,2.36,2.35,2.33,2.28,2.22,2.15,2.07,1.9,1.72,1.59,1.5,1.44,1.35,1.27,1.21,1.18,1.26,1.37,1.39,1.42,1.45,1.46,1.47,1.47,1.46,1.45,1.44,1.43,1.42,1.41,1.39,1.37,1.39,1.42,1.4
Netherlands,1.32,1.42,1.35,1.34,1.37,1.31,1.13,1.04,1.16,1.24,1.19,1.01,0.827,0.784,0.891,0.785,0.595,0.615,0.69,0.791,0.686,0.459,0.379,0.397,0.466,0.555,0.635,0.646,0.6,0.689,0.788,0.756,0.697,0.603,0.494,0.461,0.515,0.617,0.665,0.715,0.755,0.638,0.472,0.347,0.234,0.161,0.218,0.389,0.514,0.513,0.466,0.37,0.295,0.36,0.443,0.532,0.591,0.584,0.655,0.556,0.523,0.953,1
Curaçao,1.04,1.8,1.89,1.73,1.58,1.04,1.06,1.55,1.61,1.5,1.81,0.218,−0.542,0.975,0.523,0.181,0.0401,−0.751,−0.331,0.128,0.396,0.986,0.702,0.515,0.506,−0.0321,−0.793,−1.46,−1.56,−1.05,−0.688,−0.341,0.269,0.229,0.351,0.801,0.443,−1.7,−3.55,−4.08,−3.66,0.122,2.06,1.73,2.55,2.57,1.97,1.26,0.651,1.27,1.42,0.83,1.13,1.35,1.32,1.06,0.32,−0.525,−1.2,−1.6,−1.68,−1.57,−1.43
Norway,0.794,0.803,0.756,0.755,0.777,0.798,0.837,0.841,0.815,0.727,0.701,0.765,0.7,0.62,0.552,0.469,0.423,0.382,0.341,0.321,0.344,0.367,0.331,0.282,0.299,0.357,0.468,0.538,0.413,0.344,0.476,0.577,0.595,0.569,0.519,0.507,0.542,0.595,0.685,0.649,0.506,0.539,0.587,0.591,0.681,0.805,1.03,1.25,1.26,1.25,1.3,1.31,1.21,1.13,0.995,0.881,0.808,0.66,0.675,0.589,0.535,0.898,1.14
Nepal,1.92,1.96,1.99,2.02,2.07,2.09,2.12,2.15,2.16,2.18,2.16,2.15,2.15,2.15,2.17,2.17,2.22,2.3,2.32,2.35,2.34,2.34,2.38,2.37,2.3,2.23,2.15,2.13,2.24,2.43,2.59,2.8,2.69,2.45,2.32,2.12,2.02,1.93,1.84,1.71,1.6,1.5,1.38,1.24,1.08,0.886,0.731,0.627,0.539,0.497,0.385,0.236,0.186,0.294,0.538,0.904,1.15,1.14,1.14,1.77,2.31,1.69,1.14
Nauru,3.66,4.06,4.89,5.36,5.67,3.67,1.53,2.81,3.44,2.35,1.71,1.54,1.54,1.51,1.44,1.48,1.83,1.33,0.595,0.644,0.731,−0.247,2.06,3.67,2.29,2.54,2.68,2.96,3.1,3.09,3.12,2.27,0.953,0.468,0.408,0.281,0.174,0.135,0.0578,−0.0578,−0.135,−0.116,−0.0677,−0.087,−0.165,−0.233,−0.263,−0.234,−0.0977,0.0781,0.409,1.55,2.37,2.27,2.21,2.23,2.12,2.05,1.73,1.5,1.58,1.25,0.88
New Zealand,2,2.54,1.99,2.09,1.65,1.79,1.79,0.877,0.895,1.36,1.49,1.77,1.96,2.09,1.95,0.885,0.311,0.032,−0.392,0.125,0.385,0.993,1.36,0.865,0.618,−0.0246,0.862,0.274,0.48,0.923,,1.04,1.14,1.33,1.46,1.58,1.31,0.887,0.525,0.588,0.589,1.74,1.97,1.49,1.13,1.22,0.932,0.849,1,1.11,0.762,0.548,0.768,1.66,2.04,2.25,2.09,1.79,1.59,2.2,0.414,0.115,2.05
Oman,1.83,1.94,2.04,2.13,2.21,2.29,2.36,2.44,2.51,2.58,2.66,2.76,2.86,3.52,4.22,4.58,4.98,5.24,5.4,5.46,5.56,5.66,5.66,5.54,6.09,6.45,6.04,5.71,5.42,5.16,4.9,4.64,4.27,2.94,1.81,1.7,1.6,1.51,1.43,1.36,1.29,1.21,1.16,1.52,1.86,1.79,1.74,1.72,1.74,6.61,10.7,9.76,7.65,4.92,4.45,4.8,3.22,1.3,0.035,−1.3,−0.506,1.23,1.48
Pakistan,2.38,2.31,2.39,2.46,2.52,2.59,2.65,2.7,2.73,2.76,2.64,2.64,2.8,2.86,2.95,3.04,3.11,3.18,3.44,4.07,4.42,4.14,3.64,3.16,3.26,3.54,3.55,3.5,3.37,3.3,3.23,2.63,2.56,2.9,2.95,3.05,2.94,2.89,2.86,3.08,3.09,2.51,2.19,2.24,2.16,2.1,2.14,2.18,2.23,2.25,2.11,1.8,1.54,1.41,1.3,1.2,1.33,1.54,1.61,1.73,1.83,1.89,1.96
Panama,2.96,3.01,3.04,3.05,3.03,3,2.96,2.92,2.87,2.82,2.79,2.76,2.7,2.64,2.58,2.51,2.45,2.39,2.36,2.34,2.33,2.33,2.33,2.31,2.28,2.25,2.21,2.18,2.14,2.12,2.1,2.07,2.06,2.05,2.03,2.02,2.01,2,1.99,1.97,1.96,1.94,1.92,1.92,1.91,1.88,1.85,1.84,1.82,1.79,1.78,1.78,1.76,1.74,1.74,1.73,1.72,1.68,1.6,1.45,1.32,1.31,1.34
Peru,2.96,2.95,2.93,2.92,2.92,2.9,2.87,2.86,2.84,2.6,2.55,2.7,2.64,2.57,2.52,2.46,2.48,2.52,2.5,2.51,2.48,2.44,2.43,2.41,2.36,2.31,2.26,2.26,2.25,2.22,2.12,2.03,2,1.98,1.92,1.86,1.82,1.77,1.67,1.52,1.34,1.18,1.05,0.975,0.904,0.827,0.77,0.717,0.703,0.756,0.845,0.918,0.967,1.04,1.17,1.36,1.51,1.88,1.91,1.45,1.23,0.986,0.886
Philippines,2.96,2.83,2.8,2.77,2.75,2.7,2.67,2.65,2.59,2.59,2.6,2.55,2.49,2.4,2.4,2.52,2.66,2.75,2.72,2.65,2.57,2.5,2.48,2.45,2.4,2.34,2.3,2.31,2.31,2.35,2.38,2.36,2.36,2.34,2.34,2.42,2.47,2.41,2.33,2.22,2.12,2.06,2.02,1.99,1.94,1.88,1.87,1.87,1.84,1.8,1.78,1.74,1.69,1.62,1.67,1.77,1.76,1.7,1.66,1.63,1.49,1.46,1.53
Palau,2.02,2.18,2.26,2.37,2.35,2.34,1.64,0.788,0.719,1.84,3.24,3.61,2.99,0.96,−0.435,−0.541,−0.608,−0.612,−0.705,−0.391,1.09,2.24,2.39,2.48,2.56,2.47,2.29,2.23,2.2,2.22,2.24,2.3,2.32,2.35,2.58,2.99,3.14,2.99,2.76,1.77,0.516,0.116,0.146,0.136,−0.383,−1.07,−1.3,−1.37,−1.46,−1.53,−1.63,−1.62,−0.789,−0.0506,−0.0112,0.124,0.118,0.151,0.291,0.312,0.289,0.172,0.0166
Papua New Guinea,2.49,2.28,2.22,2.15,2.13,2.19,2.23,2.24,2.31,2.36,2.39,2.38,2.33,2.26,2.21,2.17,2.14,2.1,2.07,2.05,2.05,2.07,2.09,2.12,2.14,2.16,2.17,2.18,2.27,2.64,3.21,3.58,3.68,3.66,3.63,3.6,3.58,3.53,3.49,3.45,3.39,3.35,3.31,3.27,3.22,3.17,3.12,3.09,3.05,3,2.9,2.78,2.69,2.62,2.54,2.47,2.39,2.33,2.26,2.15,2.03,1.92,1.83
Poland,1.1,1.14,1.32,1.38,0.976,0.748,0.962,0.957,0.782,0.356,0.364,0.827,0.908,0.96,0.994,0.998,0.964,0.794,0.802,0.923,0.908,0.92,0.938,0.905,0.804,0.681,0.564,0.414,0.362,0.392,0.355,0.307,0.254,0.211,0.136,0.0761,0.0655,0.0357,−0.0083,−1.04,−0.0276,−0.0463,−0.0675,−0.0585,−0.044,−0.0634,−0.0543,0.0136,0.0678,−0.286,0.0538,−0.00024,−0.0604,−0.0748,−0.0666,−0.043,0.0125,−0.0002,−0.0244,−0.175,−0.402,−2.48,−0.37
Puerto Rico,1.75,2.09,2.19,1.96,1.55,1.19,0.785,0.618,0.826,1.25,1.61,1.97,2.16,2.08,1.84,1.65,1.46,1.31,1.23,1.19,1.13,1.07,1.02,0.993,0.976,0.959,0.943,0.927,0.91,0.89,0.707,0.645,0.842,0.929,0.924,1.12,0.929,0.575,0.501,0.277,0.214,0.129,0.0626,0.0205,−0.144,−0.423,−0.586,−0.587,−0.545,−0.506,−1.16,−1.21,−1.15,−1.63,−1.76,−1.93,−2.42,−4.05,0.0106,2.71,−0.577,−1.31,−0.449
North Korea,2.21,2.19,2.39,2.47,2.46,2.55,2.77,2.82,2.7,2.64,2.53,2.48,2.26,1.9,1.73,1.57,1.43,1.39,1.4,1.43,1.44,1.45,1.44,1.45,1.46,1.48,1.47,1.46,1.46,1.48,1.51,1.52,1.54,1.51,1.26,1.02,0.938,0.856,0.782,0.698,0.621,0.534,0.604,0.701,0.633,0.558,0.497,0.461,0.459,0.426,0.394,0.419,0.457,0.496,0.524,0.52,0.498,0.476,0.456,0.434,0.403,0.375,0.35
Portugal,0.805,0.722,0.404,0.0555,−0.408,−0.754,−0.634,−0.428,−0.897,−0.886,−0.423,−0.154,0.0309,1.39,3.8,2.84,1.06,1.08,1.07,1.08,0.867,0.611,0.464,0.385,0.274,0.091,−0.027,−0.104,−0.146,−0.218,−0.23,−0.0777,0.122,0.269,0.346,0.376,0.446,0.505,0.566,0.703,0.705,0.548,0.375,0.239,0.186,0.18,0.196,0.144,0.0953,0.0459,−0.147,−0.405,−0.549,−0.539,−0.414,−0.315,−0.244,−0.16,0.0237,0.105,0.627,0.461,1.1
Paraguay,2.42,2.45,2.48,2.49,2.47,2.43,2.38,2.33,2.29,2.25,2.26,2.32,2.42,2.48,2.48,2.47,2.48,2.49,2.53,2.62,2.7,2.76,2.78,2.79,2.8,2.8,2.79,2.78,2.74,2.69,2.65,2.58,2.52,2.46,2.39,2.31,2.24,2.16,2.06,1.93,1.7,1.43,1.25,1.17,1.11,1.05,0.997,0.979,1.01,1.15,1.3,1.35,1.38,1.41,1.42,1.42,1.41,1.37,1.34,1.35,1.28,1.14,1.18
Palestine,,,,,,,,,,,,,,,,,,,,,,,,,,,,,,,4.48,4.48,4.48,4.48,4.48,4.48,4.48,2.56,2.56,2.56,2.56,2.56,2.56,2.56,2.56,2.56,2.56,2.75,2.67,2.6,2.53,2.47,2.4,2.34,2.29,2.25,1.99,2.53,2.51,2.49,2.46,2.43,2.39
French Polynesia,2.41,2.6,3.04,3.45,3.59,3.59,3.57,3.56,3.55,3.53,3.51,3.5,3.44,3.36,3.26,3.18,3.17,3.13,3.09,3.12,3.19,3.18,2.66,2.27,2.39,2.43,2.4,2.45,2.37,2.16,2.04,1.92,1.85,1.76,1.64,1.6,1.62,1.6,1.61,1.65,1.63,1.59,1.55,1.49,1.46,1.41,1.19,0.852,0.613,0.532,0.519,0.461,0.504,0.637,0.658,0.599,0.648,0.727,0.707,0.732,0.697,0.736,0.843
Qatar,9.75,11.8,12.1,12.1,12,12,12.1,12,11.7,12.1,12,10.8,9.87,9.08,8.42,7.86,7.39,6.99,6.65,6.35,6.1,5.84,5.55,5.24,4.94,4.4,3.86,3.64,3.52,3.4,3.3,3.19,3.08,2.97,2.85,2.71,3.95,5.38,5.41,5.18,4.97,4.94,4.84,3.85,8.71,17.9,19.4,15.9,10.9,6.21,5.16,5.47,6.59,8.43,8.65,7.21,4.39,2.01,1.45,−1.68,−2.65,0.256,0.786
Romania,0.803,0.652,0.647,0.643,0.593,0.962,1.65,1.35,1.05,1.2,1.04,0.955,0.857,0.926,1.25,1.2,0.944,0.894,0.631,0.527,0.654,0.547,0.376,0.354,0.408,0.456,0.492,0.47,0.449,0.174,−0.869,−0.903,−0.136,−0.145,−0.202,−0.288,−0.288,−0.207,−0.157,−0.129,−1.4,−1.83,−0.721,−0.57,−0.618,−0.592,−1.48,−1.67,−0.833,−0.594,−0.492,−0.445,−0.371,−0.375,−0.47,−0.574,−0.578,−0.587,−0.527,−0.551,−0.746,−0.393,0.0478
Russia,1.11,1.11,1.11,1.11,1.11,0.569,0.57,0.569,0.569,0.569,0.574,0.573,0.575,0.573,0.574,0.703,0.703,0.703,0.703,0.71,0.667,0.628,0.598,0.757,0.777,0.718,0.697,0.648,0.587,0.168,0.287,0.097,−0.0535,−0.0343,−0.0216,−0.145,−0.165,−0.165,−0.309,−0.421,−0.424,−0.46,−0.454,−0.403,−0.381,−0.327,−0.171,−0.044,0.0301,0.0449,0.118,0.252,0.297,0.3,0.279,0.259,0.191,0.0721,0.0379,−0.143,−0.344,−0.353,−0.285
Rwanda,2.68,2.45,2.19,2.24,2.57,2.81,3.02,3.12,3.12,3.09,3.01,2.95,2.95,2.94,2.91,2.89,2.86,2.86,3.05,3.36,3.64,3.8,3.59,3.31,3.41,3.62,3.6,3.19,2.67,2.46,2.24,2.27,3.18,−16,−16.9,16.6,13.2,3.18,1.19,1.25,1.4,1.79,2.31,2.58,2.63,2.66,2.69,2.68,2.64,2.61,2.57,2.46,2.38,2.38,2.39,2.44,2.48,2.44,2.39,2.4,2.37,2.31,2.28
Saudi Arabia,3.32,3.48,3.59,3.68,3.76,3.83,3.94,4.07,4.2,4.37,4.65,4.99,5.28,5.42,5.39,5.21,5.1,5.07,4.99,4.93,4.86,4.78,4.75,4.69,4.6,4.5,4.4,4.33,4.25,4.16,3.98,3.7,3.22,2.88,2.8,2.72,2.68,2.64,2.59,2.53,2.47,2.4,2.3,2.18,3.06,3.96,3.93,3.85,3.74,3.21,2.48,2.2,2.12,2.02,1.92,2.01,2.3,2.38,2.28,0.473,−0.13,1.27,1.47
Sudan,2.97,3.03,3.05,3.15,3.2,3.06,3.01,3.04,3.03,3.05,3.17,3.27,3.36,3.79,4.13,4.13,4.19,4.26,4.27,4.29,4.29,4.08,3.28,2.28,1.82,1.88,1.71,1.1,1.29,1.78,1.71,1.51,1.74,2.41,2.55,2.42,2.45,2.32,2.39,2.56,2.44,2.29,2.22,2.25,2.43,2.65,2.79,2.76,2.72,2.37,1.99,2.13,2.34,2.77,3.11,3.11,3.25,3.19,2.89,2.76,2.7,2.63,2.6
Senegal,2.83,2.82,2.82,2.83,2.86,2.9,2.94,2.95,2.95,2.95,2.95,2.95,2.95,2.88,2.74,2.61,2.42,2.33,2.39,2.47,2.56,2.64,2.68,2.72,2.78,2.87,2.92,2.91,2.88,2.88,2.86,2.8,2.75,2.65,2.53,2.41,2.33,2.29,2.32,2.35,2.38,2.41,2.46,2.5,2.54,2.6,2.63,2.64,2.68,2.71,2.72,2.73,2.71,2.72,2.72,2.72,2.72,2.71,2.7,2.68,2.65,2.57,2.55
Singapore,3.34,2.77,2.53,2.56,2.43,2.49,2.21,1.72,1.5,1.55,1.83,1.85,1.87,1.66,1.46,1.35,1.39,1.21,1.26,1.27,4.81,4.39,1.3,1.89,0.137,−0.0945,1.5,2.54,2.94,3.89,2.85,3,2.53,3.14,3.04,4.06,3.36,3.4,0.799,1.73,2.7,0.913,−1.47,1.25,2.35,3.13,4.17,5.32,3.02,1.77,2.08,2.45,1.62,1.3,1.19,1.3,0.0886,0.47,1.14,−0.312,−4.17,3.31,4.86
Solomon Islands,2.47,2.51,2.54,2.57,2.6,2.62,2.64,2.66,2.66,2.6,2.53,2.57,2.68,2.82,2.92,3.1,3.3,3.38,3.42,3.43,3.43,3.42,3.42,3.4,3.39,3.32,3.2,3.09,3.04,3.01,2.97,2.94,2.91,2.9,2.89,2.86,2.8,2.76,2.68,2.53,2.39,2.33,2.29,2.27,2.24,2.24,2.24,2.23,2.27,2.35,2.44,2.5,2.54,2.54,2.53,2.49,2.44,2.4,2.36,2.37,2.38,2.29,2.21
Sierra Leone,1.71,1.77,1.82,1.88,1.92,1.93,1.95,1.96,1.95,1.95,1.92,1.9,1.91,1.9,1.89,1.85,1.89,1.97,1.99,2.02,2.05,2.08,2.16,2.22,2.24,2.46,2.69,2.71,2.51,3.92,1.21,−1.77,−0.137,0.447,0.213,0.536,1.32,1.02,0.564,2.4,5.79,5.66,4.02,3.35,2.67,2.2,2.2,2.52,2.74,2.79,2.69,2.63,2.56,2.49,2.41,2.42,2.42,2.36,2.33,2.3,2.24,2.17,2.13
El Salvador,2.82,2.72,2.59,2.63,2.69,2.7,2.66,2.61,2.52,2.47,2.43,2.4,2.41,2.37,2.3,2.19,2.13,2.09,1.97,1.7,0.887,1.11,1.93,1.95,1.96,1.91,1.92,2.02,1.92,1.81,1.73,1.66,1.41,1.1,0.964,0.848,0.782,0.724,0.657,0.583,0.496,0.386,0.259,0.146,0.0358,−0.056,0.161,0.396,0.38,0.374,0.381,0.389,0.394,0.385,0.346,0.312,0.258,0.154,0.0617,0.199,0.34,0.351,0.45
San Marino,2.16,2.16,2.08,2.05,2.03,1.81,1.8,2.12,0.61,−1.28,0.236,1.97,2.31,2.23,1.86,1.79,1.58,1.52,1.39,1.22,1.16,0.959,0.772,0.558,0.654,0.668,0.21,0.467,1.15,1.43,1.4,1.48,1.55,1.45,1.42,1.39,1.42,1.55,1.55,1.57,1.89,2.29,2.23,1.71,1.42,1.52,1.37,1.07,1.16,1.75,2.77,1.94,0.461,0.312,0.541,0.783,0.654,0.293,0.0644,−0.502,−0.773,−0.252,−0.0535
Somalia,2.58,2.59,2.59,2.59,2.6,2.6,2.59,2.6,2.59,2.61,2.58,2.58,2.62,2.54,2.45,2.46,2.64,7.12,12.4,8.56,0.722,0.284,3.15,3.62,4.03,4.11,3.55,0.0343,−1.76,−0.517,−3.88,−4.63,2.95,4.99,3.54,3.56,3.44,4.09,3.99,3.94,3.93,3.68,3.62,3.61,3.4,2.99,3.04,2.9,2.46,2.5,1.57,1.81,3.26,3.49,3.36,3.77,3.92,3.61,3.63,3.42,3.15,3.07,3.05
Serbia,0.709,0.614,0.536,0.489,0.428,0.689,0.568,0.507,0.433,0.388,0.586,0.569,0.537,0.52,0.49,0.709,0.608,0.536,0.478,0.408,0.582,0.472,0.376,0.281,0.2,0.426,0.292,0.185,0.119,0.0659,0.127,0.666,0.689,0.458,−1.42,−0.0992,−0.28,−0.379,−0.362,−0.32,−0.172,−0.0921,−0.213,−0.233,−0.3,−0.393,−0.405,−0.426,−0.401,−0.402,−0.789,−0.485,−0.487,−0.469,−0.495,−0.524,−0.532,−0.546,−0.537,−0.666,−0.944,−2.52,−0.699
South Sudan,1.41,1.46,1.46,1.71,1.76,1.32,1.14,1.23,1.22,1.22,1.61,1.98,2.22,2.43,2.41,2.4,2.4,2.4,2.4,2.4,2.4,2.4,2.34,2.21,2.23,2.37,1.53,−1.63,−2.27,0.935,2.42,1.83,1.23,2.45,3.05,2.47,2.8,1.95,2.61,4.42,4.48,4.46,4.48,4.54,4.61,4.68,4.72,4.71,4.49,5.12,5.3,4.38,3.71,0.961,−0.169,−1.15,−3.76,−2.5,0.502,1.51,1.33,1.52,1.6
Sao Tome and Principe,0.976,1.18,1.08,1.02,1.03,1.16,1.36,1.58,1.75,1.98,2.1,2.01,2,2.06,2.17,2.34,2.49,2.58,2.51,2.28,2,1.76,1.69,1.78,2,2.19,2.4,2.57,2.53,2.44,2.25,2.06,2,1.92,1.83,1.74,1.64,1.54,1.43,1.34,1.75,2.42,2.58,2.53,2.49,2.47,2.46,2.42,2.34,2.23,2.12,2.06,2,1.91,1.82,1.73,1.65,1.58,1.53,1.87,2.02,1.9,1.95
Suriname,3.5,3.65,3.76,3.59,3.42,3.39,3.4,3.39,3.36,3.29,3.14,1.39,−0.302,−0.458,−0.606,−0.744,−0.883,−1.02,−1.19,−0.598,0.199,0.379,0.561,0.842,1.18,1.33,1.14,1.32,1.54,1.07,0.778,0.847,0.678,0.983,1.84,2.13,2.02,1.94,1.87,1.8,1.74,1.68,1.62,1.34,1.1,1.12,1.13,1.13,1.13,1.12,1.1,1.07,1.04,1.01,1.01,1.03,1.04,1.04,1.1,1.12,0.97,0.821,0.837
Slovak Republic,2.99,1.1,1.03,1.05,1,0.926,0.851,0.773,0.771,0.433,0.423,0.856,0.97,1.03,1.05,1.06,1.06,1.02,0.994,0.824,0.726,0.774,0.727,0.687,0.674,0.619,0.557,0.53,0.482,0.44,0.0775,0.0325,0.382,0.394,0.293,0.212,0.185,0.134,0.102,−0.135,−0.183,−0.0364,−0.0658,−0.0204,0.00981,0.0046,0.0292,0.0858,0.133,0.0932,0.129,0.17,0.107,0.097,0.095,0.129,0.155,0.139,0.135,0.0858,−0.212,−0.285,−0.0923
Slovenia,0.592,0.595,0.827,0.932,1.04,1.25,1.17,0.885,0.546,0.641,0.776,0.796,0.822,0.533,0.978,1.48,1.21,1.09,1.07,0.989,0.274,0.199,0.626,0.51,0.49,1.24,1.2,0.272,0.0579,0.0906,0.0634,−0.147,−0.238,−0.116,0.0216,−0.0625,−0.134,−0.218,0.0714,0.296,0.158,0.124,0.0603,0.0641,0.173,0.319,0.559,0.158,0.904,0.436,0.208,0.21,0.136,0.0984,0.0752,0.0732,0.0652,0.363,0.696,0.67,0.269,0.185,0.423
Sweden,0.471,0.552,0.564,0.747,0.942,0.952,0.767,0.562,0.703,0.933,0.688,0.295,0.172,0.29,0.397,0.364,0.355,0.291,0.218,0.203,0.12,0.0572,0.0453,0.0909,0.165,0.233,0.334,0.46,0.667,0.773,0.682,0.587,0.581,0.711,0.525,0.159,0.0573,0.0555,0.0779,0.161,0.268,0.325,0.372,0.393,0.4,0.562,0.742,0.779,0.852,0.853,0.755,0.74,0.847,0.992,1.06,1.26,1.35,1.16,1.01,0.723,0.601,0.681,0.473
Eswatini,2.27,2.27,2.32,2.41,2.55,2.68,2.67,2.59,2.58,2.63,2.68,2.73,2.78,2.86,2.97,3.08,3.16,3.25,3.31,3.31,2.91,2.92,3.27,3.27,3.64,3.87,3.83,4.61,3.89,3.34,4.1,3.91,3.01,0.03,−0.0172,2.08,1.75,1.45,1.31,1.18,1.05,0.9,0.757,0.656,0.573,0.544,0.58,0.539,0.459,0.459,0.494,0.548,0.617,0.672,0.714,0.755,0.773,0.782,0.788,0.94,0.979,0.785,0.759
Sint Maarten (Dutch part),8.75,9.35,9.33,9.06,8.79,8.52,8.44,8.25,7.92,7.72,7.33,7.02,7,7,6.9,6.7,6.59,6.45,6.18,5.9,7.02,9.33,9.95,9.27,8.71,8.25,7.86,7.5,7.24,7.04,6.85,4.99,1.51,−0.277,−0.439,−0.59,−0.687,0.144,−0.501,−1.83,0.265,0.577,2.23,3.18,1.6,1.29,1.1,0.451,0.803,−0.533,−1.84,3.54,5.52,2.9,2.98,0.429,−0.972,0.823,1.82,1.76,0.883,0.441,0.67
Seychelles,2.81,2.65,2.54,2.51,2.51,2.49,2.46,2.42,2.38,2.33,2.02,2.41,1.53,1.82,2.31,2.02,2.1,0.587,0.859,0.913,1.22,0.589,−0.121,0.592,0.811,0.623,4.25,0.373,0.597,0.49,1.33,0.459,2.08,2.67,1.47,1.47,1.17,1.96,1.96,0.893,0.0875,3.06,−1.13,−0.37,0.463,2.08,0.511,2.24,0.393,2.79,−2.63,0.981,1.85,1.56,2.23,1.34,1.22,0.954,0.888,0.854,0.805,,−0.0876
Syria,3.01,2.97,3.02,3.08,3.13,3.18,3.22,3.26,3.3,3.34,3.41,3.46,3.41,3.39,3.42,3.43,3.43,3.44,3.44,3.41,3.37,3.28,3.36,3.47,3.45,3.42,3.37,3.28,3.18,3.07,2.96,2.88,2.85,2.81,2.77,2.73,2.65,2.59,2.55,2.52,2.54,2.57,2.57,2.65,2.72,4.46,6.34,3.66,1.63,2.31,1.74,−0.552,−5.03,−6.85,−4.42,−1.26,0.101,1.83,3.88,3.3,2.62,3.69,4.86
Turks and Caicos Islands,0.374,0.142,0.0177,0.142,0.142,0.0354,0.177,0.106,−0.0882,0.0353,1.35,2.65,2.88,2.94,3.18,3.31,3.2,3.22,3.07,3.56,4.62,4.88,4.71,4.55,4.39,4.18,4.06,3.92,3.73,4.2,5.16,5.41,5.17,4.97,4.74,4.56,4.39,4.29,4.23,4.14,4.35,5.08,5.39,5.07,4.81,4.61,4.44,4.3,4.14,3.93,3.6,4.02,4.61,4.06,4.34,4.57,4.09,4.04,3.77,2.74,1.87,1.3,0.782
Chad,1.93,1.94,1.95,1.95,1.9,1.85,1.84,1.86,1.92,1.99,2.03,2.16,2.29,2.22,2.07,1.91,1.8,1.75,2.05,0.12,0.0226,4.73,4.99,1.26,0.951,2.99,3.51,3.38,3.36,2.72,3.63,4.22,2.28,2.22,4.39,4.42,3.42,3.41,3.48,3.41,3.33,3.45,3.97,4.44,3.99,3.54,3.39,3.45,3.52,3.41,3.49,3.49,3.56,3.57,3.18,3.15,3.32,3.38,3.29,3.16,3.16,3.12,3.08
Togo,1.65,1.66,1.73,2.05,2.66,3.35,3.89,4.08,3.93,3.56,3.13,2.76,2.55,2.46,2.39,2.36,2.34,2.36,2.49,2.75,3.05,3.28,3.36,3.32,3.17,3.04,3.02,3.01,2.97,2.94,2.91,2.87,−0.68,0.348,4.47,3.81,3.25,2.91,2.91,2.84,2.71,2.61,2.61,2.63,2.6,2.81,2.91,2.85,2.79,2.67,2.65,2.6,2.56,2.53,2.5,2.49,2.47,2.44,2.41,2.39,2.37,2.33,2.29
Thailand,2.98,3.03,3.04,3.04,3.04,3,2.95,2.91,2.86,2.85,2.8,2.75,2.71,2.61,2.49,2.35,2.27,2.22,2.15,2.16,2.14,2.06,2.01,1.97,1.91,1.85,1.8,1.76,1.7,1.65,1.57,1.48,1.46,1.43,1.38,1.31,1.28,1.23,1.12,0.994,0.921,0.896,0.86,0.821,0.778,0.754,0.762,0.748,0.718,0.671,0.646,0.644,0.608,0.548,0.475,0.444,0.412,0.323,0.253,0.235,0.175,0.134,0.145
Tajikistan,3.5,3.52,3.51,3.48,3.43,3.38,3.34,3.32,3.27,3.16,3.06,3.02,3.01,3.01,3.04,3.07,3.08,3.06,2.96,2.84,2.8,2.8,2.82,2.87,2.85,2.91,3.04,3.06,3.17,2.87,2.52,1.78,1.08,1.5,1.91,2,1.34,0.647,0.531,1.34,2.14,2.05,1.98,1.91,1.86,1.83,1.84,1.88,1.95,2.03,2.12,2.18,2.24,2.31,2.35,2.33,2.27,2.24,2.26,2.18,2.14,2.06,1.9
Turkmenistan,3.47,3.45,3.41,3.33,3.24,3.14,3.04,2.96,2.89,2.85,2.82,2.78,2.75,2.72,2.67,2.6,2.54,2.5,2.47,2.42,2.42,2.46,2.5,2.56,2.64,2.73,2.77,2.72,2.69,2.7,2.69,2.7,2.65,2.48,2.24,1.75,1.44,1.54,1.56,1.5,1.43,1.37,1.27,1.27,1.36,1.39,1.42,1.49,1.57,1.67,1.75,1.81,1.84,1.84,1.81,1.76,1.69,1.61,1.53,1.48,1.45,1.39,1.32
Timor-Leste,1.53,1.57,1.6,1.62,1.66,1.7,1.74,1.77,1.78,1.78,1.78,1.77,1.73,1.4,1.32,1.57,1.57,1.34,1.09,1.2,1.09,0.899,1.11,1.34,1.59,1.76,1.93,2.09,2.33,2.45,1.9,1.42,1.45,1.49,1.49,1.46,1.44,1.42,1.31,1.34,1.65,1.85,1.86,2.06,2.44,2.57,2.46,2.3,2.13,2.13,2.22,2.2,2.08,1.98,1.76,1.54,1.51,1.49,1.46,1.52,1.6,1.53,1.43
Tonga,2.87,2.84,2.84,2.82,2.8,2.68,2.39,2.06,1.86,1.73,1.63,1.55,1.49,1.53,1.59,1.53,0.971,0.396,0.29,0.209,0.143,0.0877,0.0516,0.0423,0.034,0.0237,0.323,0.56,0.448,0.353,0.286,0.252,0.233,0.24,0.246,0.218,0.461,0.678,0.629,0.607,0.59,0.574,0.582,0.598,0.567,0.526,0.421,0.275,0.198,0.223,0.212,−0.101,−0.385,−0.433,−0.474,−0.392,−0.277,−0.252,−0.189,0.288,0.722,0.79,0.853
Trinidad and Tobago,2.1,1.89,1.81,1.74,1.64,1.51,1.38,1.25,1.12,1.04,1.13,1.28,1.33,1.33,1.31,1.29,1.3,1.37,1.43,1.39,1.31,1.26,1.21,1.14,1.26,1.37,1.23,1.07,0.926,0.817,0.763,0.724,0.657,0.572,0.493,0.428,0.36,0.333,0.339,0.387,0.477,0.551,0.562,0.562,0.579,0.571,0.575,0.572,0.6,0.648,0.687,0.727,0.721,0.687,0.654,0.625,0.629,1.75,1.01,−0.119,0.494,0.352,0.254
Tunisia,0.971,1.06,1.19,1.3,1.53,2.04,2.44,2.62,2.68,2.65,2.63,2.63,2.66,2.7,2.74,2.75,2.71,2.63,2.55,2.49,2.49,2.5,2.52,2.62,2.67,2.63,2.56,2.44,2.3,2.2,2.14,2.06,1.96,1.83,1.64,1.46,1.34,1.24,1.14,1.07,1.02,0.99,0.978,0.961,0.93,0.912,0.919,0.941,0.97,1.02,1.25,1.28,1.12,1.13,1.12,1.1,1.07,1.02,0.97,0.929,0.829,0.757,0.823
Turkey,2.67,2.72,2.7,2.6,2.46,2.51,2.62,2.56,2.44,2.33,2.28,2.25,2.23,2.17,2.06,2.06,2.16,2.17,2.09,2.07,2,2.13,2.32,2.27,2.2,2.11,2.02,1.98,1.95,1.89,1.82,1.76,1.75,1.75,1.69,1.65,1.62,1.56,1.5,1.46,1.48,1.4,1.32,1.36,1.35,1.3,0.797,1.27,1.38,1.52,1.47,1.27,1.28,1.35,1.33,1.35,1.3,1.35,1.43,0.97,0.91,0.985,0.406
Tuvalu,0.59,0.642,0.583,0.399,0.415,0.772,1.17,1.26,0.869,0.604,0.686,0.63,0.727,2.76,4.5,4.53,4.5,4.38,3.43,2.34,1.83,1.5,1.32,1.2,1.6,1.99,1.97,2.04,1.94,1.81,1.86,1.19,0.537,0.44,0.272,0.271,0.197,0.0415,0.0623,−0.0208,−0.177,−0.125,0.612,1.26,1.23,1.18,1.18,1.2,1.32,1.36,1.41,1.43,0.588,−0.174,−0.202,−0.23,−0.221,0.341,0.834,1.03,1.21,0.959,0.74
Tanzania,2.9,2.92,2.92,2.96,2.98,2.98,3,3.14,3.3,3.36,3.42,3.51,3.55,3.56,3.59,3.6,3.59,3.52,3.36,3.15,3.03,3.02,3.22,3.19,3.21,3.29,3.27,3.04,2.7,2.64,2.58,2.53,3.17,3.89,3.2,1.88,2.05,2.61,2.64,2.84,2.72,2.62,2.66,2.71,2.77,2.81,2.81,2.73,2.5,2.59,2.85,2.91,3.02,3.12,3.34,3.48,3.37,3.19,3.02,3.01,3.01,2.96,2.92
Uganda,2.86,2.9,2.96,3.01,3.04,3.07,3.12,3.17,3.15,3.06,2.86,2.5,2.37,2.5,2.61,2.64,2.65,2.65,2.41,2.07,2.08,2.31,2.48,2.7,2.84,2.93,3.1,3.17,3.22,3.22,3.27,3.41,3.46,3.35,2.72,2.71,2.91,2.98,3.24,3.14,3.04,3.11,3.12,2.96,2.91,2.92,2.93,2.93,2.92,2.92,2.91,2.89,2.88,2.97,3.09,3.33,3.5,3.4,3.4,3.33,3.21,3,2.78
Ukraine,1.39,1.28,1.18,1.11,0.987,0.926,0.926,0.861,0.76,0.611,0.672,0.788,0.68,0.622,0.594,0.515,0.432,0.362,0.409,0.47,0.493,0.324,0.357,0.375,0.321,0.353,0.383,0.444,0.488,0.228,0.21,0.288,0.0552,−0.495,−0.79,−0.887,−0.911,−0.894,−0.943,−1.01,−1.05,−0.95,−0.811,−0.759,−0.733,−0.676,−0.597,−0.541,−0.444,−0.397,−0.36,−0.247,−0.228,−0.479,−0.232,−0.286,−0.35,−0.425,−0.485,−0.602,−0.815,−14.3,−2.67
Uruguay,1.26,1.21,1.17,1.12,1.05,0.988,0.913,0.823,0.707,0.586,0.544,0.554,0.556,0.589,0.641,0.664,0.629,0.566,0.508,0.442,0.416,0.441,0.472,0.499,0.529,0.56,0.576,0.618,0.652,0.615,0.587,0.584,0.57,0.572,0.574,0.57,0.57,0.541,0.498,0.404,0.264,0.167,0.114,0.109,0.117,0.139,0.192,0.224,0.24,0.254,0.268,0.282,0.298,0.31,0.328,0.321,0.247,0.141,0.0399,0.0197,−0.0824,−0.101,0.00917
USA,1.66,1.54,1.44,1.39,1.25,1.15,1.09,0.998,0.977,1.17,1.26,1.07,0.954,0.914,0.986,0.95,1.01,1.06,1.1,0.96,0.981,0.953,0.914,0.866,0.886,0.924,0.894,0.908,0.944,1.13,1.34,1.39,1.32,1.23,1.19,1.16,1.2,1.17,1.15,1.11,0.99,0.928,0.859,0.925,0.922,0.964,0.951,0.946,0.877,0.83,0.727,0.734,0.693,0.733,0.736,0.725,0.633,0.526,0.455,0.969,0.157,0.367,0.492
Uzbekistan,3.75,3.91,3.87,3.8,3.74,3.63,3.52,3.43,3.32,3.13,2.94,2.89,2.9,2.91,2.92,2.93,2.92,2.83,2.63,2.46,2.41,2.42,2.46,2.54,2.63,2.71,2.75,2.7,2.53,2,2.13,2.34,2.27,1.96,1.81,1.91,1.89,1.61,1.08,1.38,1.27,1.22,1.16,1.15,1.16,1.22,1.42,1.61,1.69,2.82,2.68,1.47,1.56,1.69,1.74,1.74,1.68,1.74,1.88,1.92,1.98,2.08,2.12
St. Vincent and the Grenadines,1.8,1.76,1.66,1.58,1.59,1.59,1.52,1.45,1.42,1.36,1.25,1.14,1.07,1,0.897,0.796,0.752,0.696,0.606,0.558,0.659,0.721,0.649,0.586,0.522,0.434,0.342,0.273,0.217,0.149,0.26,0.391,0.352,0.284,0.202,0.102,−0.0123,−0.0972,−0.149,−0.16,−0.151,−0.168,−0.302,−0.443,−0.503,−0.551,−0.543,−0.459,−0.432,−0.486,−0.555,−0.572,−0.587,−0.502,−0.403,−0.489,−0.391,−0.254,−0.34,−0.279,−0.287,−0.369,−0.241
Venezuela,3.57,3.5,3.43,3.38,3.32,3.28,3.23,3.18,3.12,3.08,3.04,3,2.97,2.95,2.93,2.91,2.9,2.88,2.85,2.81,2.77,2.73,2.69,2.65,2.61,2.6,2.59,2.54,2.49,2.44,2.38,2.32,2.25,2.19,2.13,2.08,2.04,2,1.95,1.9,1.84,1.8,1.77,1.71,1.67,1.61,1.55,1.47,1.4,1.36,1.32,1.28,1.24,1.18,1.11,0.691,−0.581,−2.44,−2.9,−1.67,−1.03,0.36,1.88
British Virgin Islands,0.445,0.215,0.215,0.378,0.864,1.5,2.4,3.67,5.27,4.96,2.39,0.953,1.11,1.27,1.33,1.41,1.43,1.4,1.38,2.12,3.22,3.57,3.52,3.49,3.46,3.38,3.32,3.32,3.36,3.43,2.98,2.37,2.27,2.35,2.4,2.49,2.57,2.59,2.62,2.61,2.71,3.01,3.21,3.28,3.38,3.45,3.51,3.6,3.5,1.88,1.46,1.63,0.827,1.09,1.35,1.26,1.07,0.911,0.902,0.975,0.684,0.586,0.742
Virgin Islands (U.S.),5.39,2.02,12.9,2.48,6.41,6.02,6.09,12.6,7.94,5.13,11.1,7.31,9.73,6.69,4.93,1.76,−3.13,2.88,0.264,3.53,0.218,0.215,0.279,0.251,0.159,0.0814,0.0585,0.0505,0.0881,2.85,0.809,0.86,0.816,0.692,0.465,0.257,0.242,0.166,0.0571,0.0396,−0.0856,−0.0369,−0.00369,−0.036,−0.012,−0.0775,−0.0295,0.0554,0.00646,−0.0434,−0.0619,−0.0942,−0.136,−0.147,−0.158,−0.182,−0.219,−0.261,−0.311,−0.356,−0.396,−0.433,−0.472
Vietnam,2.72,2.68,2.83,2.73,2.59,2.43,2.3,2.17,2.15,2.2,2.33,2.28,2.22,2.22,2.31,2.51,2.57,2.56,2.2,2.17,2.45,2.46,2.45,2.42,2.38,2.33,2.28,2.22,2.21,2.19,2.14,2.07,1.97,1.84,1.72,1.6,1.47,1.4,1.28,1.12,1.03,1.03,1.03,1.02,1,0.969,0.961,0.98,1.03,1.07,1.07,1.07,1.08,1.07,1.04,1.01,0.969,0.933,0.904,0.906,0.844,0.735,0.682
Vanuatu,2.83,2.86,2.9,2.93,2.97,2.99,3.03,3.07,3.09,3.12,3.14,3.17,3.19,3.19,3.21,3.21,3.2,3.09,2.78,2.41,2.29,2.34,2.39,2.44,2.47,2.5,2.51,2.52,2.51,2.48,2.48,2.49,2.47,2.44,2.4,2.38,2.35,2.33,2.34,2.45,2.55,2.55,2.51,2.46,2.42,2.4,2.4,2.43,2.42,2.38,2.35,2.37,2.39,2.4,2.38,2.42,2.45,2.4,2.36,2.36,2.36,2.35,2.35
Samoa,3.03,2.82,2.67,2.53,2.5,2.43,2.07,1.75,1.65,1.63,1.59,1.55,1.52,1.76,1.97,1.83,1.4,1.01,0.922,0.862,0.776,0.417,0.0353,−0.0989,−0.157,−0.0913,0.245,0.406,0.259,0.179,0.306,0.649,0.916,1.01,1.03,1.03,1.03,1.03,1.01,0.981,0.824,0.591,0.433,0.337,0.294,0.398,0.579,0.685,0.722,0.771,0.859,0.899,0.912,0.905,0.895,0.965,1.01,0.993,1.05,1.42,1.77,1.64,1.47
Yemen,1.86,1.87,1.84,1.92,2.05,2.13,2.22,2.3,2.4,2.51,2.6,2.69,2.76,2.82,2.91,3,3.08,3.15,3.25,3.37,3.46,3.54,3.63,3.72,3.8,3.81,3.85,3.88,3.84,3.83,3.82,3.8,3.77,3.7,3.48,3.12,2.93,2.88,2.84,2.8,2.73,2.67,2.65,2.66,2.79,2.98,3.03,2.99,2.96,2.93,2.91,2.89,2.86,2.81,2.71,2.62,2.56,2.49,2.43,2.31,2.14,2.14,2.21
South Africa,2.8,2.98,3.03,3.06,3.09,3.09,3.09,3.09,3.06,3.01,2.92,2.86,2.85,2.81,2.76,2.69,2.68,2.7,2.66,2.64,2.58,2.58,2.68,2.79,2.96,3.28,3.5,3.47,3.35,3.08,2.56,2.06,1.81,1.73,1.65,1.52,1.39,1.24,1.11,0.963,0.886,0.91,0.924,0.935,0.945,0.964,1.01,1.13,1.19,1.19,1.26,1.33,1.36,1.58,2.07,0.972,0.387,1.23,1.3,1.22,0.999,0.841,0.865
Zambia,3.16,3.18,3.2,3.19,3.2,3.22,3.22,3.23,3.17,2.91,2.72,2.77,2.83,2.88,2.93,2.97,2.98,2.98,2.96,2.96,3.05,3.23,3.23,3.08,3.01,3.01,2.92,2.77,2.66,2.57,2.49,2.43,2.41,2.43,2.45,2.48,2.56,2.59,2.62,2.77,3,3.06,3.09,3.18,3.31,3.46,3.53,3.57,3.55,3.5,3.38,3.3,3.27,3.25,3.19,3.15,3.11,3.06,3.01,2.93,2.84,2.76,2.72
Zimbabwe,3.09,3.11,3.12,3.12,3.12,3.13,3.14,3.15,3.18,3.1,3.04,3.11,3.2,3.29,3.23,3.09,2.58,1.48,1.61,5.75,6.28,3.88,3.8,3.54,3.42,3.31,3.23,3.09,2.86,2.68,2.58,2.51,1.43,0.588,1.24,1.66,1.63,1.62,1.45,1,0.643,0.617,0.758,0.702,0.524,0.861,0.969,0.798,1.03,1.25,1.44,1.82,2.16,2.19,2.14,2.08,2.04,2.02,1.99,2.03,2.05,2.02,2.09
